Region,RowLabel,ColLabel,Value
"Oceania","GrainsCrops-c","Agriculture-a",3.6580108E+3
"Oceania","GrainsCrops-c","Extraction-a",1.3631010E+2
"Oceania","GrainsCrops-c","ProcFood-a",5.1904555E+3
"Oceania","GrainsCrops-c","TextWapp-a",22.354291393
"Oceania","GrainsCrops-c","LightMnfc-a",51.020798439
"Oceania","GrainsCrops-c","HeavyMnfc-a",1.3768316E+2
"Oceania","GrainsCrops-c","Util_Cons-a",2.8418881E+2
"Oceania","GrainsCrops-c","TransComm-a",1.6047420E+3
"Oceania","GrainsCrops-c","OthServices-a",1.0781334E+3
"Oceania","GrainsCrops-c","hhd",4.3529890E+3
"Oceania","GrainsCrops-c","gov",35.196443398
"Oceania","GrainsCrops-c","inv",5.0505037E+2
"Oceania","MeatLstk-c","Agriculture-a",1.6809719E+4
"Oceania","MeatLstk-c","Extraction-a",43.302138079
"Oceania","MeatLstk-c","ProcFood-a",1.2049255E+4
"Oceania","MeatLstk-c","TextWapp-a",3.0938431E+2
"Oceania","MeatLstk-c","LightMnfc-a",2.7723036E+2
"Oceania","MeatLstk-c","HeavyMnfc-a",9.7646055E+2
"Oceania","MeatLstk-c","Util_Cons-a",1.4242546E+2
"Oceania","MeatLstk-c","TransComm-a",5.5407609E+3
"Oceania","MeatLstk-c","OthServices-a",1.6653170E+3
"Oceania","MeatLstk-c","hhd",1.0182896E+4
"Oceania","MeatLstk-c","gov",50.636807390
"Oceania","MeatLstk-c","inv",6.4701210E+2
"Oceania","Extraction-c","Agriculture-a",6.7790505E+2
"Oceania","Extraction-c","Extraction-a",1.9646915E+4
"Oceania","Extraction-c","ProcFood-a",2.1560649E+3
"Oceania","Extraction-c","TextWapp-a",34.609505890
"Oceania","Extraction-c","LightMnfc-a",3.3832740E+3
"Oceania","Extraction-c","HeavyMnfc-a",5.2184166E+4
"Oceania","Extraction-c","Util_Cons-a",1.0879482E+4
"Oceania","Extraction-c","TransComm-a",1.7761609E+3
"Oceania","Extraction-c","OthServices-a",1.3109210E+3
"Oceania","Extraction-c","hhd",1.5741375E+3
"Oceania","Extraction-c","gov",4.3126539E+2
"Oceania","Extraction-c","inv",2.5171003E+3
"Oceania","ProcFood-c","Agriculture-a",1.5512504E+3
"Oceania","ProcFood-c","Extraction-a",3.9718222E+2
"Oceania","ProcFood-c","ProcFood-a",1.6413691E+4
"Oceania","ProcFood-c","TextWapp-a",17.919612196
"Oceania","ProcFood-c","LightMnfc-a",2.0159640E+2
"Oceania","ProcFood-c","HeavyMnfc-a",8.2018057E+2
"Oceania","ProcFood-c","Util_Cons-a",1.9674398E+2
"Oceania","ProcFood-c","TransComm-a",1.6733975E+4
"Oceania","ProcFood-c","OthServices-a",5.5274905E+3
"Oceania","ProcFood-c","hhd",5.5274843E+4
"Oceania","ProcFood-c","gov",5.5490554E+3
"Oceania","TextWapp-c","Agriculture-a",1.2459855E+2
"Oceania","TextWapp-c","Extraction-a",3.5824765E+2
"Oceania","TextWapp-c","ProcFood-a",2.1522397E+2
"Oceania","TextWapp-c","TextWapp-a",1.7851502E+3
"Oceania","TextWapp-c","LightMnfc-a",7.8745293E+2
"Oceania","TextWapp-c","HeavyMnfc-a",4.6369005E+2
"Oceania","TextWapp-c","Util_Cons-a",7.9350068E+2
"Oceania","TextWapp-c","TransComm-a",1.9397172E+3
"Oceania","TextWapp-c","OthServices-a",2.9149982E+3
"Oceania","TextWapp-c","hhd",1.3203923E+4
"Oceania","TextWapp-c","gov",6.560318735
"Oceania","TextWapp-c","inv",6.4575175E+2
"Oceania","LightMnfc-c","Agriculture-a",8.4325111E+2
"Oceania","LightMnfc-c","Extraction-a",3.8304731E+3
"Oceania","LightMnfc-c","ProcFood-a",4.3838380E+3
"Oceania","LightMnfc-c","TextWapp-a",3.1939242E+2
"Oceania","LightMnfc-c","LightMnfc-a",2.0758643E+4
"Oceania","LightMnfc-c","HeavyMnfc-a",6.8691388E+3
"Oceania","LightMnfc-c","Util_Cons-a",2.8610683E+4
"Oceania","LightMnfc-c","TransComm-a",2.7853551E+4
"Oceania","LightMnfc-c","OthServices-a",2.3815800E+4
"Oceania","LightMnfc-c","hhd",4.4758007E+4
"Oceania","LightMnfc-c","gov",16.837342025
"Oceania","LightMnfc-c","inv",5.3724623E+4
"Oceania","HeavyMnfc-c","Agriculture-a",7.9534108E+3
"Oceania","HeavyMnfc-c","Extraction-a",1.4491273E+4
"Oceania","HeavyMnfc-c","ProcFood-a",6.9377723E+3
"Oceania","HeavyMnfc-c","TextWapp-a",5.0397269E+2
"Oceania","HeavyMnfc-c","LightMnfc-a",2.4763447E+4
"Oceania","HeavyMnfc-c","HeavyMnfc-a",5.3078416E+4
"Oceania","HeavyMnfc-c","Util_Cons-a",4.3802672E+4
"Oceania","HeavyMnfc-c","TransComm-a",4.4197857E+4
"Oceania","HeavyMnfc-c","OthServices-a",3.3024402E+4
"Oceania","HeavyMnfc-c","hhd",3.6440272E+4
"Oceania","HeavyMnfc-c","gov",7.5254252E+2
"Oceania","HeavyMnfc-c","inv",5.5646681E+4
"Oceania","Util_Cons-c","Agriculture-a",2.8332453E+3
"Oceania","Util_Cons-c","Extraction-a",1.4159062E+4
"Oceania","Util_Cons-c","ProcFood-a",1.9618292E+3
"Oceania","Util_Cons-c","TextWapp-a",1.9380613E+2
"Oceania","Util_Cons-c","LightMnfc-a",2.4839915E+3
"Oceania","Util_Cons-c","HeavyMnfc-a",1.2787255E+4
"Oceania","Util_Cons-c","Util_Cons-a",1.0858531E+5
"Oceania","Util_Cons-c","TransComm-a",2.2535947E+4
"Oceania","Util_Cons-c","OthServices-a",4.0638155E+4
"Oceania","Util_Cons-c","hhd",2.2020463E+4
"Oceania","Util_Cons-c","gov",3.5384305E+3
"Oceania","Util_Cons-c","inv",2.3213485E+5
"Oceania","TransComm-c","Agriculture-a",1.0108866E+4
"Oceania","TransComm-c","Extraction-a",2.0075430E+4
"Oceania","TransComm-c","ProcFood-a",1.8198316E+4
"Oceania","TransComm-c","TextWapp-a",1.6470427E+3
"Oceania","TransComm-c","LightMnfc-a",1.9895946E+4
"Oceania","TransComm-c","HeavyMnfc-a",2.6115841E+4
"Oceania","TransComm-c","Util_Cons-a",3.6884545E+4
"Oceania","TransComm-c","TransComm-a",1.2666539E+5
"Oceania","TransComm-c","OthServices-a",1.1306176E+5
"Oceania","TransComm-c","hhd",2.6848514E+5
"Oceania","TransComm-c","gov",1.9439974E+4
"Oceania","TransComm-c","inv",5.2610002E+4
"Oceania","OthServices-c","Agriculture-a",1.1394664E+4
"Oceania","OthServices-c","Extraction-a",2.5881364E+4
"Oceania","OthServices-c","ProcFood-a",1.0734298E+4
"Oceania","OthServices-c","TextWapp-a",9.0763396E+2
"Oceania","OthServices-c","LightMnfc-a",1.2293417E+4
"Oceania","OthServices-c","HeavyMnfc-a",1.6834789E+4
"Oceania","OthServices-c","Util_Cons-a",6.7934374E+4
"Oceania","OthServices-c","TransComm-a",1.2955113E+5
"Oceania","OthServices-c","OthServices-a",2.3692566E+5
"Oceania","OthServices-c","hhd",4.0912095E+5
"Oceania","OthServices-c","gov",2.7580994E+5
"Oceania","OthServices-c","inv",2.5788722E+4
"Oceania","Land","Agriculture-a",6.7184691E+3
"Oceania","Capital","Agriculture-a",1.2122850E+4
"Oceania","Capital","Extraction-a",7.4353323E+4
"Oceania","Capital","ProcFood-a",1.5662295E+4
"Oceania","Capital","TextWapp-a",2.2857661E+3
"Oceania","Capital","LightMnfc-a",2.0355352E+4
"Oceania","Capital","HeavyMnfc-a",2.7084452E+4
"Oceania","Capital","Util_Cons-a",4.2706598E+4
"Oceania","Capital","TransComm-a",9.1326137E+4
"Oceania","Capital","OthServices-a",3.0930587E+5
"Oceania","unSkLab","Agriculture-a",9.5908778E+3
"Oceania","unSkLab","Extraction-a",9.4291217E+3
"Oceania","unSkLab","ProcFood-a",8.2964206E+3
"Oceania","unSkLab","TextWapp-a",1.1313588E+3
"Oceania","unSkLab","LightMnfc-a",1.4055242E+4
"Oceania","unSkLab","HeavyMnfc-a",1.5286442E+4
"Oceania","unSkLab","Util_Cons-a",7.0362259E+4
"Oceania","unSkLab","TransComm-a",1.1159556E+5
"Oceania","unSkLab","OthServices-a",9.6046950E+4
"Oceania","SkLab","Agriculture-a",1.2550554E+4
"Oceania","SkLab","Extraction-a",1.1686321E+4
"Oceania","SkLab","ProcFood-a",8.6232646E+3
"Oceania","SkLab","TextWapp-a",1.1736702E+3
"Oceania","SkLab","LightMnfc-a",1.4540310E+4
"Oceania","SkLab","HeavyMnfc-a",1.5828647E+4
"Oceania","SkLab","Util_Cons-a",3.9576327E+4
"Oceania","SkLab","TransComm-a",1.0332112E+5
"Oceania","SkLab","OthServices-a",2.9572782E+5
"Oceania","NatRes","Extraction-a",3.1821025E+4
"Oceania","itax","Agriculture-a",84.676637646
"Oceania","itax","Extraction-a",-3.635844E+1
"Oceania","itax","ProcFood-a",5.3276230E+2
"Oceania","itax","TextWapp-a",60.975462515
"Oceania","itax","LightMnfc-a",3.4433484E+2
"Oceania","itax","HeavyMnfc-a",5.0826498E+2
"Oceania","itax","Util_Cons-a",1.5217771E+3
"Oceania","itax","TransComm-a",5.9877060E+3
"Oceania","itax","OthServices-a",6.1727344E+3
"Oceania","itax","hhd",7.7306621E+4
"Oceania","itax","gov",1.1946603E+3
"Oceania","itax","inv",2.6178224E+4
"Oceania","mtax","Agriculture-a",61.914070036
"Oceania","mtax","Extraction-a",7.897028784
"Oceania","mtax","ProcFood-a",4.3815325E+2
"Oceania","mtax","TextWapp-a",8.1299532E+2
"Oceania","mtax","LightMnfc-a",5.2655747E+3
"Oceania","mtax","HeavyMnfc-a",2.1731629E+3
"Oceania","mtax","Util_Cons-a",0.000464874
"Oceania","vtax","Agriculture-a",7.8462704E+2
"Oceania","vtax","Extraction-a",5.1306622E+3
"Oceania","vtax","ProcFood-a",1.2460889E+3
"Oceania","vtax","TextWapp-a",1.8311300E+2
"Oceania","vtax","LightMnfc-a",1.9392927E+3
"Oceania","vtax","HeavyMnfc-a",2.3029024E+3
"Oceania","vtax","Util_Cons-a",6.0135819E+3
"Oceania","vtax","TransComm-a",1.2144167E+4
"Oceania","vtax","OthServices-a",2.7955832E+4
"Oceania","RoW","Agriculture-a",4.9435776E+3
"Oceania","RoW","Extraction-a",1.6634741E+4
"Oceania","RoW","ProcFood-a",1.7950990E+4
"Oceania","RoW","TextWapp-a",1.2769055E+4
"Oceania","RoW","LightMnfc-a",8.8586957E+4
"Oceania","RoW","HeavyMnfc-a",1.4822663E+5
"Oceania","RoW","Util_Cons-a",1.9572437E+3
"Oceania","RoW","TransComm-a",3.1155711E+4
"Oceania","RoW","OthServices-a",2.9994322E+4
"EastAsia","GrainsCrops-c","Agriculture-a",1.6769442E+5
"EastAsia","GrainsCrops-c","Extraction-a",5.2590953E+3
"EastAsia","GrainsCrops-c","ProcFood-a",2.5510508E+5
"EastAsia","GrainsCrops-c","TextWapp-a",2.7031540E+4
"EastAsia","GrainsCrops-c","LightMnfc-a",1.0088533E+4
"EastAsia","GrainsCrops-c","HeavyMnfc-a",2.2542085E+4
"EastAsia","GrainsCrops-c","Util_Cons-a",4.1565646E+3
"EastAsia","GrainsCrops-c","TransComm-a",2.7821876E+4
"EastAsia","GrainsCrops-c","OthServices-a",1.7025567E+4
"EastAsia","GrainsCrops-c","hhd",2.8132948E+5
"EastAsia","GrainsCrops-c","gov",41.726151567
"EastAsia","GrainsCrops-c","inv",4.7219920E+2
"EastAsia","MeatLstk-c","Agriculture-a",2.0484316E+5
"EastAsia","MeatLstk-c","Extraction-a",2.6883864E+2
"EastAsia","MeatLstk-c","ProcFood-a",5.5848219E+4
"EastAsia","MeatLstk-c","TextWapp-a",1.4219487E+4
"EastAsia","MeatLstk-c","LightMnfc-a",3.2924407E+4
"EastAsia","MeatLstk-c","HeavyMnfc-a",2.4969399E+4
"EastAsia","MeatLstk-c","Util_Cons-a",32.495224086
"EastAsia","MeatLstk-c","TransComm-a",7.1766928E+4
"EastAsia","MeatLstk-c","OthServices-a",7.8537036E+3
"EastAsia","MeatLstk-c","hhd",3.0064002E+5
"EastAsia","MeatLstk-c","gov",2.3518948E+2
"EastAsia","MeatLstk-c","inv",4.2688430E+4
"EastAsia","Extraction-c","Agriculture-a",2.6993415E+4
"EastAsia","Extraction-c","Extraction-a",8.7901213E+4
"EastAsia","Extraction-c","ProcFood-a",5.2177467E+4
"EastAsia","Extraction-c","TextWapp-a",1.9678057E+3
"EastAsia","Extraction-c","LightMnfc-a",5.8986541E+4
"EastAsia","Extraction-c","HeavyMnfc-a",1.2041629E+6
"EastAsia","Extraction-c","Util_Cons-a",2.7033508E+5
"EastAsia","Extraction-c","TransComm-a",3.4523746E+4
"EastAsia","Extraction-c","OthServices-a",1.3544138E+4
"EastAsia","Extraction-c","hhd",8.8317211E+4
"EastAsia","Extraction-c","gov",0.580787561
"EastAsia","Extraction-c","inv",2.7551639E+3
"EastAsia","ProcFood-c","Agriculture-a",1.4343517E+5
"EastAsia","ProcFood-c","Extraction-a",2.9720231E+4
"EastAsia","ProcFood-c","ProcFood-a",3.7650236E+5
"EastAsia","ProcFood-c","TextWapp-a",3.2262139E+3
"EastAsia","ProcFood-c","LightMnfc-a",1.2567573E+4
"EastAsia","ProcFood-c","HeavyMnfc-a",7.7167450E+4
"EastAsia","ProcFood-c","Util_Cons-a",8.0425698E+3
"EastAsia","ProcFood-c","TransComm-a",1.8182123E+5
"EastAsia","ProcFood-c","OthServices-a",6.9781184E+4
"EastAsia","ProcFood-c","hhd",6.6675112E+5
"EastAsia","ProcFood-c","gov",2.2172959E+3
"EastAsia","ProcFood-c","inv",15.476673721
"EastAsia","TextWapp-c","Agriculture-a",1.2932532E+3
"EastAsia","TextWapp-c","Extraction-a",3.1357317E+3
"EastAsia","TextWapp-c","ProcFood-a",3.0118438E+3
"EastAsia","TextWapp-c","TextWapp-a",5.8397456E+5
"EastAsia","TextWapp-c","LightMnfc-a",7.0431727E+4
"EastAsia","TextWapp-c","HeavyMnfc-a",6.0284225E+4
"EastAsia","TextWapp-c","Util_Cons-a",1.4708741E+4
"EastAsia","TextWapp-c","TransComm-a",1.9935408E+4
"EastAsia","TextWapp-c","OthServices-a",6.1198752E+4
"EastAsia","TextWapp-c","hhd",2.0856877E+5
"EastAsia","TextWapp-c","gov",1.0325889E+2
"EastAsia","TextWapp-c","inv",3.0406949E+3
"EastAsia","LightMnfc-c","Agriculture-a",9.7363472E+3
"EastAsia","LightMnfc-c","Extraction-a",3.3494916E+4
"EastAsia","LightMnfc-c","ProcFood-a",4.2356441E+4
"EastAsia","LightMnfc-c","TextWapp-a",3.1494704E+4
"EastAsia","LightMnfc-c","LightMnfc-a",1.3494646E+6
"EastAsia","LightMnfc-c","HeavyMnfc-a",4.4333160E+5
"EastAsia","LightMnfc-c","Util_Cons-a",3.0547973E+5
"EastAsia","LightMnfc-c","TransComm-a",2.2330607E+5
"EastAsia","LightMnfc-c","OthServices-a",3.7581128E+5
"EastAsia","LightMnfc-c","hhd",4.1775216E+5
"EastAsia","LightMnfc-c","gov",4.1019169E+2
"EastAsia","LightMnfc-c","inv",8.2528079E+5
"EastAsia","HeavyMnfc-c","Agriculture-a",9.2710073E+4
"EastAsia","HeavyMnfc-c","Extraction-a",1.2889309E+5
"EastAsia","HeavyMnfc-c","ProcFood-a",6.0458741E+4
"EastAsia","HeavyMnfc-c","TextWapp-a",1.1843721E+5
"EastAsia","HeavyMnfc-c","LightMnfc-a",1.1278582E+6
"EastAsia","HeavyMnfc-c","HeavyMnfc-a",6.3688355E+6
"EastAsia","HeavyMnfc-c","Util_Cons-a",1.4472542E+6
"EastAsia","HeavyMnfc-c","TransComm-a",4.5181668E+5
"EastAsia","HeavyMnfc-c","OthServices-a",6.3238778E+5
"EastAsia","HeavyMnfc-c","hhd",5.8674984E+5
"EastAsia","HeavyMnfc-c","gov",6.9445358E+2
"EastAsia","HeavyMnfc-c","inv",1.1758471E+6
"EastAsia","Util_Cons-c","Agriculture-a",1.4939575E+4
"EastAsia","Util_Cons-c","Extraction-a",2.8485166E+4
"EastAsia","Util_Cons-c","ProcFood-a",1.9593719E+4
"EastAsia","Util_Cons-c","TextWapp-a",2.4468344E+4
"EastAsia","Util_Cons-c","LightMnfc-a",9.1104196E+4
"EastAsia","Util_Cons-c","HeavyMnfc-a",4.2801824E+5
"EastAsia","Util_Cons-c","Util_Cons-a",1.8063126E+5
"EastAsia","Util_Cons-c","TransComm-a",1.3780480E+5
"EastAsia","Util_Cons-c","OthServices-a",2.3273258E+5
"EastAsia","Util_Cons-c","hhd",1.9543465E+5
"EastAsia","Util_Cons-c","gov",9.7918966E+3
"EastAsia","Util_Cons-c","inv",3.1477721E+6
"EastAsia","TransComm-c","Agriculture-a",9.9833234E+4
"EastAsia","TransComm-c","Extraction-a",5.9944942E+4
"EastAsia","TransComm-c","ProcFood-a",1.5081761E+5
"EastAsia","TransComm-c","TextWapp-a",9.9161370E+4
"EastAsia","TransComm-c","LightMnfc-a",3.4967311E+5
"EastAsia","TransComm-c","HeavyMnfc-a",8.2842352E+5
"EastAsia","TransComm-c","Util_Cons-a",3.3843599E+5
"EastAsia","TransComm-c","TransComm-a",1.0315974E+6
"EastAsia","TransComm-c","OthServices-a",7.8595329E+5
"EastAsia","TransComm-c","hhd",1.8497689E+6
"EastAsia","TransComm-c","gov",4.2648491E+4
"EastAsia","TransComm-c","inv",4.9435171E+5
"EastAsia","OthServices-c","Agriculture-a",3.9772377E+4
"EastAsia","OthServices-c","Extraction-a",9.5242244E+4
"EastAsia","OthServices-c","ProcFood-a",6.5243114E+4
"EastAsia","OthServices-c","TextWapp-a",6.4375827E+4
"EastAsia","OthServices-c","LightMnfc-a",2.2826260E+5
"EastAsia","OthServices-c","HeavyMnfc-a",6.8467079E+5
"EastAsia","OthServices-c","Util_Cons-a",4.1089504E+5
"EastAsia","OthServices-c","TransComm-a",8.9391743E+5
"EastAsia","OthServices-c","OthServices-a",1.3774035E+6
"EastAsia","OthServices-c","hhd",2.6113930E+6
"EastAsia","OthServices-c","gov",2.5875119E+6
"EastAsia","OthServices-c","inv",2.9792219E+5
"EastAsia","Land","Agriculture-a",1.6691584E+5
"EastAsia","Capital","Agriculture-a",1.3411911E+5
"EastAsia","Capital","Extraction-a",1.6792700E+5
"EastAsia","Capital","ProcFood-a",1.9234467E+5
"EastAsia","Capital","TextWapp-a",9.5745689E+4
"EastAsia","Capital","LightMnfc-a",3.9458855E+5
"EastAsia","Capital","HeavyMnfc-a",1.2672092E+6
"EastAsia","Capital","Util_Cons-a",5.1787995E+5
"EastAsia","Capital","TransComm-a",1.5510818E+6
"EastAsia","Capital","OthServices-a",3.0055627E+6
"EastAsia","unSkLab","Agriculture-a",3.0466957E+5
"EastAsia","unSkLab","Extraction-a",1.6368361E+5
"EastAsia","unSkLab","ProcFood-a",1.1640385E+5
"EastAsia","unSkLab","TextWapp-a",1.1373549E+5
"EastAsia","unSkLab","LightMnfc-a",3.6418643E+5
"EastAsia","unSkLab","HeavyMnfc-a",8.0679395E+5
"EastAsia","unSkLab","Util_Cons-a",6.4650134E+5
"EastAsia","unSkLab","TransComm-a",8.6614275E+5
"EastAsia","unSkLab","OthServices-a",9.1585268E+5
"EastAsia","SkLab","Agriculture-a",2.3521246E+4
"EastAsia","SkLab","Extraction-a",1.4040021E+4
"EastAsia","SkLab","ProcFood-a",3.0766880E+4
"EastAsia","SkLab","TextWapp-a",2.7727738E+4
"EastAsia","SkLab","LightMnfc-a",1.0938681E+5
"EastAsia","SkLab","HeavyMnfc-a",2.1742088E+5
"EastAsia","SkLab","Util_Cons-a",1.1931385E+5
"EastAsia","SkLab","TransComm-a",3.7110235E+5
"EastAsia","SkLab","OthServices-a",1.1413487E+6
"EastAsia","NatRes","Extraction-a",1.5019249E+5
"EastAsia","itax","Agriculture-a",7.7139807E+3
"EastAsia","itax","Extraction-a",2.1689665E+4
"EastAsia","itax","ProcFood-a",3.7212921E+4
"EastAsia","itax","TextWapp-a",3.4974998E+4
"EastAsia","itax","LightMnfc-a",1.1324275E+5
"EastAsia","itax","HeavyMnfc-a",3.9965931E+5
"EastAsia","itax","Util_Cons-a",1.1886192E+5
"EastAsia","itax","TransComm-a",1.0957077E+5
"EastAsia","itax","OthServices-a",1.2548751E+5
"EastAsia","itax","hhd",5.9369983E+5
"EastAsia","itax","gov",9.0838320E+3
"EastAsia","itax","inv",2.3945282E+5
"EastAsia","mtax","Agriculture-a",2.4619356E+4
"EastAsia","mtax","Extraction-a",3.6971316E+3
"EastAsia","mtax","ProcFood-a",9.7815987E+3
"EastAsia","mtax","TextWapp-a",5.9882079E+3
"EastAsia","mtax","LightMnfc-a",2.8763738E+4
"EastAsia","mtax","HeavyMnfc-a",4.0449075E+4
"EastAsia","mtax","Util_Cons-a",3.910944035
"EastAsia","vtax","Agriculture-a",-1.015223E+4
"EastAsia","vtax","Extraction-a",1.3612281E+4
"EastAsia","vtax","ProcFood-a",1.9890437E+4
"EastAsia","vtax","TextWapp-a",9.4822581E+3
"EastAsia","vtax","LightMnfc-a",6.8176832E+4
"EastAsia","vtax","HeavyMnfc-a",1.3722859E+5
"EastAsia","vtax","Util_Cons-a",1.0508764E+5
"EastAsia","vtax","TransComm-a",2.5545059E+5
"EastAsia","vtax","OthServices-a",4.3761982E+5
"EastAsia","RoW","Agriculture-a",1.5133295E+5
"EastAsia","RoW","Extraction-a",8.6598222E+5
"EastAsia","RoW","ProcFood-a",1.0650999E+5
"EastAsia","RoW","TextWapp-a",9.6943616E+4
"EastAsia","RoW","LightMnfc-a",4.4640197E+5
"EastAsia","RoW","HeavyMnfc-a",1.8575652E+6
"EastAsia","RoW","Util_Cons-a",3.1327529E+4
"EastAsia","RoW","TransComm-a",3.1919550E+5
"EastAsia","RoW","OthServices-a",2.6763959E+5
"SEAsia","GrainsCrops-c","Agriculture-a",7.3498767E+4
"SEAsia","GrainsCrops-c","Extraction-a",5.0633069E+2
"SEAsia","GrainsCrops-c","ProcFood-a",6.3551031E+4
"SEAsia","GrainsCrops-c","TextWapp-a",3.2687824E+3
"SEAsia","GrainsCrops-c","LightMnfc-a",1.9778550E+3
"SEAsia","GrainsCrops-c","HeavyMnfc-a",4.2937125E+3
"SEAsia","GrainsCrops-c","Util_Cons-a",1.5369344E+2
"SEAsia","GrainsCrops-c","TransComm-a",1.1302849E+4
"SEAsia","GrainsCrops-c","OthServices-a",4.3691584E+3
"SEAsia","GrainsCrops-c","hhd",8.8081956E+4
"SEAsia","GrainsCrops-c","gov",3.8336672E+2
"SEAsia","GrainsCrops-c","inv",2.2324700E+3
"SEAsia","MeatLstk-c","Agriculture-a",2.7501679E+4
"SEAsia","MeatLstk-c","Extraction-a",1.6005901E+2
"SEAsia","MeatLstk-c","ProcFood-a",5.8637435E+3
"SEAsia","MeatLstk-c","TextWapp-a",7.9615284E+2
"SEAsia","MeatLstk-c","LightMnfc-a",3.2648639E+3
"SEAsia","MeatLstk-c","HeavyMnfc-a",4.7587042E+2
"SEAsia","MeatLstk-c","Util_Cons-a",13.014551135
"SEAsia","MeatLstk-c","TransComm-a",9.8099941E+3
"SEAsia","MeatLstk-c","OthServices-a",2.7195659E+3
"SEAsia","MeatLstk-c","hhd",5.6187772E+4
"SEAsia","MeatLstk-c","gov",1.1040093E+2
"SEAsia","MeatLstk-c","inv",5.6391692E+3
"SEAsia","Extraction-c","Agriculture-a",3.8847681E+3
"SEAsia","Extraction-c","Extraction-a",1.0397560E+4
"SEAsia","Extraction-c","ProcFood-a",1.7137577E+4
"SEAsia","Extraction-c","TextWapp-a",4.4959219E+2
"SEAsia","Extraction-c","LightMnfc-a",1.5529708E+4
"SEAsia","Extraction-c","HeavyMnfc-a",1.6440204E+5
"SEAsia","Extraction-c","Util_Cons-a",4.0100361E+4
"SEAsia","Extraction-c","TransComm-a",3.6738687E+3
"SEAsia","Extraction-c","OthServices-a",1.6155027E+3
"SEAsia","Extraction-c","hhd",2.9628439E+4
"SEAsia","Extraction-c","gov",58.463061911
"SEAsia","Extraction-c","inv",4.2004727E+2
"SEAsia","ProcFood-c","Agriculture-a",1.6546710E+4
"SEAsia","ProcFood-c","Extraction-a",2.3120644E+3
"SEAsia","ProcFood-c","ProcFood-a",7.6980671E+4
"SEAsia","ProcFood-c","TextWapp-a",6.2975777E+2
"SEAsia","ProcFood-c","LightMnfc-a",1.4112278E+3
"SEAsia","ProcFood-c","HeavyMnfc-a",3.3388540E+3
"SEAsia","ProcFood-c","Util_Cons-a",1.7368782E+2
"SEAsia","ProcFood-c","TransComm-a",2.3384812E+4
"SEAsia","ProcFood-c","OthServices-a",7.0018836E+3
"SEAsia","ProcFood-c","hhd",1.6473622E+5
"SEAsia","ProcFood-c","gov",5.4454714E+2
"SEAsia","ProcFood-c","inv",3.7584868E+2
"SEAsia","TextWapp-c","Agriculture-a",2.1924423E+2
"SEAsia","TextWapp-c","Extraction-a",3.3563233E+2
"SEAsia","TextWapp-c","ProcFood-a",4.1026344E+2
"SEAsia","TextWapp-c","TextWapp-a",6.2526635E+4
"SEAsia","TextWapp-c","LightMnfc-a",9.4677227E+3
"SEAsia","TextWapp-c","HeavyMnfc-a",5.3240662E+3
"SEAsia","TextWapp-c","Util_Cons-a",8.3147064E+2
"SEAsia","TextWapp-c","TransComm-a",4.0721723E+3
"SEAsia","TextWapp-c","OthServices-a",4.0133377E+3
"SEAsia","TextWapp-c","hhd",4.4221522E+4
"SEAsia","TextWapp-c","gov",1.4285121E+2
"SEAsia","TextWapp-c","inv",7.1764782E+2
"SEAsia","LightMnfc-c","Agriculture-a",1.6683221E+3
"SEAsia","LightMnfc-c","Extraction-a",4.3880098E+3
"SEAsia","LightMnfc-c","ProcFood-a",7.7077670E+3
"SEAsia","LightMnfc-c","TextWapp-a",3.8044914E+3
"SEAsia","LightMnfc-c","LightMnfc-a",1.0993262E+5
"SEAsia","LightMnfc-c","HeavyMnfc-a",3.2591285E+4
"SEAsia","LightMnfc-c","Util_Cons-a",8.1041410E+4
"SEAsia","LightMnfc-c","TransComm-a",4.2886382E+4
"SEAsia","LightMnfc-c","OthServices-a",2.7469316E+4
"SEAsia","LightMnfc-c","hhd",9.2503930E+4
"SEAsia","LightMnfc-c","gov",1.6893868E+3
"SEAsia","LightMnfc-c","inv",9.1032701E+4
"SEAsia","HeavyMnfc-c","Agriculture-a",2.0824621E+4
"SEAsia","HeavyMnfc-c","Extraction-a",1.4671164E+4
"SEAsia","HeavyMnfc-c","ProcFood-a",1.1969999E+4
"SEAsia","HeavyMnfc-c","TextWapp-a",1.1975500E+4
"SEAsia","HeavyMnfc-c","LightMnfc-a",1.3165954E+5
"SEAsia","HeavyMnfc-c","HeavyMnfc-a",5.5768261E+5
"SEAsia","HeavyMnfc-c","Util_Cons-a",1.2044095E+5
"SEAsia","HeavyMnfc-c","TransComm-a",1.3668272E+5
"SEAsia","HeavyMnfc-c","OthServices-a",4.9553344E+4
"SEAsia","HeavyMnfc-c","hhd",1.4744776E+5
"SEAsia","HeavyMnfc-c","gov",2.5524978E+3
"SEAsia","HeavyMnfc-c","inv",1.5886658E+5
"SEAsia","Util_Cons-c","Agriculture-a",2.1327509E+3
"SEAsia","Util_Cons-c","Extraction-a",3.4325460E+3
"SEAsia","Util_Cons-c","ProcFood-a",3.8317360E+3
"SEAsia","Util_Cons-c","TextWapp-a",2.3096673E+3
"SEAsia","Util_Cons-c","LightMnfc-a",8.2656952E+3
"SEAsia","Util_Cons-c","HeavyMnfc-a",3.0308873E+4
"SEAsia","Util_Cons-c","Util_Cons-a",5.8946889E+4
"SEAsia","Util_Cons-c","TransComm-a",2.0046544E+4
"SEAsia","Util_Cons-c","OthServices-a",4.2857272E+4
"SEAsia","Util_Cons-c","hhd",3.9694999E+4
"SEAsia","Util_Cons-c","gov",3.4832477E+3
"SEAsia","Util_Cons-c","inv",3.7975995E+5
"SEAsia","TransComm-c","Agriculture-a",1.7839242E+4
"SEAsia","TransComm-c","Extraction-a",1.5865445E+4
"SEAsia","TransComm-c","ProcFood-a",3.9241341E+4
"SEAsia","TransComm-c","TextWapp-a",1.0585641E+4
"SEAsia","TransComm-c","LightMnfc-a",5.4627366E+4
"SEAsia","TransComm-c","HeavyMnfc-a",1.2508277E+5
"SEAsia","TransComm-c","Util_Cons-a",5.4627459E+4
"SEAsia","TransComm-c","TransComm-a",1.9328207E+5
"SEAsia","TransComm-c","OthServices-a",9.7417761E+4
"SEAsia","TransComm-c","hhd",3.3387175E+5
"SEAsia","TransComm-c","gov",5.3337880E+3
"SEAsia","TransComm-c","inv",6.1377821E+4
"SEAsia","OthServices-c","Agriculture-a",6.3787313E+3
"SEAsia","OthServices-c","Extraction-a",1.1023927E+4
"SEAsia","OthServices-c","ProcFood-a",5.9699124E+3
"SEAsia","OthServices-c","TextWapp-a",2.6266247E+3
"SEAsia","OthServices-c","LightMnfc-a",1.2818014E+4
"SEAsia","OthServices-c","HeavyMnfc-a",4.1361866E+4
"SEAsia","OthServices-c","Util_Cons-a",3.1770303E+4
"SEAsia","OthServices-c","TransComm-a",1.1235882E+5
"SEAsia","OthServices-c","OthServices-a",1.8280062E+5
"SEAsia","OthServices-c","hhd",3.8872587E+5
"SEAsia","OthServices-c","gov",2.8233264E+5
"SEAsia","OthServices-c","inv",1.1240835E+4
"SEAsia","Land","Agriculture-a",7.8676560E+4
"SEAsia","Capital","Agriculture-a",2.4481970E+4
"SEAsia","Capital","Extraction-a",1.1514374E+5
"SEAsia","Capital","ProcFood-a",5.1641948E+4
"SEAsia","Capital","TextWapp-a",2.0094471E+4
"SEAsia","Capital","LightMnfc-a",7.1764860E+4
"SEAsia","Capital","HeavyMnfc-a",1.7833086E+5
"SEAsia","Capital","Util_Cons-a",9.3005290E+4
"SEAsia","Capital","TransComm-a",2.9871366E+5
"SEAsia","Capital","OthServices-a",3.5070128E+5
"SEAsia","unSkLab","Agriculture-a",7.2295289E+4
"SEAsia","unSkLab","Extraction-a",3.1304729E+4
"SEAsia","unSkLab","ProcFood-a",2.7542507E+4
"SEAsia","unSkLab","TextWapp-a",1.1844613E+4
"SEAsia","unSkLab","LightMnfc-a",3.7297156E+4
"SEAsia","unSkLab","HeavyMnfc-a",6.4926315E+4
"SEAsia","unSkLab","Util_Cons-a",7.4894867E+4
"SEAsia","unSkLab","TransComm-a",1.4883986E+5
"SEAsia","unSkLab","OthServices-a",8.9419010E+4
"SEAsia","SkLab","Agriculture-a",5.5935050E+3
"SEAsia","SkLab","Extraction-a",9.8085604E+3
"SEAsia","SkLab","ProcFood-a",9.0215612E+3
"SEAsia","SkLab","TextWapp-a",4.2732595E+3
"SEAsia","SkLab","LightMnfc-a",1.6161188E+4
"SEAsia","SkLab","HeavyMnfc-a",3.2931685E+4
"SEAsia","SkLab","Util_Cons-a",2.9507841E+4
"SEAsia","SkLab","TransComm-a",6.6272308E+4
"SEAsia","SkLab","OthServices-a",2.0398450E+5
"SEAsia","NatRes","Extraction-a",5.9017108E+4
"SEAsia","itax","Agriculture-a",4.6131442E+2
"SEAsia","itax","Extraction-a",9.2386156E+2
"SEAsia","itax","ProcFood-a",3.7393142E+3
"SEAsia","itax","TextWapp-a",1.7223500E+3
"SEAsia","itax","LightMnfc-a",8.2291416E+3
"SEAsia","itax","HeavyMnfc-a",1.0482128E+4
"SEAsia","itax","Util_Cons-a",6.7102915E+3
"SEAsia","itax","TransComm-a",7.7587290E+3
"SEAsia","itax","OthServices-a",6.8192777E+3
"SEAsia","itax","hhd",7.9057933E+4
"SEAsia","itax","gov",7.0911417E+2
"SEAsia","itax","inv",1.6897699E+4
"SEAsia","mtax","Agriculture-a",3.0769408E+3
"SEAsia","mtax","Extraction-a",2.7265194E+2
"SEAsia","mtax","ProcFood-a",4.4103796E+3
"SEAsia","mtax","TextWapp-a",3.0632728E+3
"SEAsia","mtax","LightMnfc-a",6.8767741E+3
"SEAsia","mtax","HeavyMnfc-a",9.6037236E+3
"SEAsia","mtax","Util_Cons-a",2.494570067
"SEAsia","vtax","Agriculture-a",2.2992264E+3
"SEAsia","vtax","Extraction-a",3.0068864E+3
"SEAsia","vtax","ProcFood-a",1.2933399E+3
"SEAsia","vtax","TextWapp-a",4.3685884E+2
"SEAsia","vtax","LightMnfc-a",1.9210702E+3
"SEAsia","vtax","HeavyMnfc-a",5.4554132E+3
"SEAsia","vtax","Util_Cons-a",3.4177226E+3
"SEAsia","vtax","TransComm-a",9.9008369E+3
"SEAsia","vtax","OthServices-a",1.1952269E+4
"SEAsia","RoW","Agriculture-a",4.3356236E+4
"SEAsia","RoW","Extraction-a",1.1368228E+5
"SEAsia","RoW","ProcFood-a",5.8010739E+4
"SEAsia","RoW","TextWapp-a",5.6752542E+4
"SEAsia","RoW","LightMnfc-a",1.7126494E+5
"SEAsia","RoW","HeavyMnfc-a",7.3128743E+5
"SEAsia","RoW","Util_Cons-a",5.2164566E+3
"SEAsia","RoW","TransComm-a",9.6915896E+4
"SEAsia","RoW","OthServices-a",1.1398643E+5
"SouthAsia","GrainsCrops-c","Agriculture-a",1.0361753E+5
"SouthAsia","GrainsCrops-c","Extraction-a",50.003551538
"SouthAsia","GrainsCrops-c","ProcFood-a",7.0186444E+4
"SouthAsia","GrainsCrops-c","TextWapp-a",2.4703325E+4
"SouthAsia","GrainsCrops-c","LightMnfc-a",8.7070133E+2
"SouthAsia","GrainsCrops-c","HeavyMnfc-a",3.8750766E+3
"SouthAsia","GrainsCrops-c","Util_Cons-a",1.1963440E+3
"SouthAsia","GrainsCrops-c","TransComm-a",1.7196331E+4
"SouthAsia","GrainsCrops-c","OthServices-a",1.2148243E+3
"SouthAsia","GrainsCrops-c","hhd",1.6604374E+5
"SouthAsia","GrainsCrops-c","gov",3.0634565E+3
"SouthAsia","GrainsCrops-c","inv",5.3155042E+2
"SouthAsia","MeatLstk-c","Agriculture-a",2.2507205E+4
"SouthAsia","MeatLstk-c","Extraction-a",63.394530850
"SouthAsia","MeatLstk-c","ProcFood-a",1.6400401E+4
"SouthAsia","MeatLstk-c","TextWapp-a",2.7029863E+3
"SouthAsia","MeatLstk-c","LightMnfc-a",2.0108508E+3
"SouthAsia","MeatLstk-c","HeavyMnfc-a",9.7009785E+2
"SouthAsia","MeatLstk-c","Util_Cons-a",97.054676478
"SouthAsia","MeatLstk-c","TransComm-a",1.1996405E+4
"SouthAsia","MeatLstk-c","OthServices-a",2.8690193E+2
"SouthAsia","MeatLstk-c","hhd",8.0300510E+4
"SouthAsia","MeatLstk-c","gov",7.6186986E+2
"SouthAsia","MeatLstk-c","inv",7.4488071E+2
"SouthAsia","Extraction-c","Agriculture-a",9.1018587E+2
"SouthAsia","Extraction-c","Extraction-a",7.5037352E+3
"SouthAsia","Extraction-c","ProcFood-a",4.8204024E+3
"SouthAsia","Extraction-c","TextWapp-a",3.7943618E+2
"SouthAsia","Extraction-c","LightMnfc-a",2.2378629E+4
"SouthAsia","Extraction-c","HeavyMnfc-a",2.0481369E+5
"SouthAsia","Extraction-c","Util_Cons-a",7.0852472E+4
"SouthAsia","Extraction-c","TransComm-a",8.1011752E+3
"SouthAsia","Extraction-c","OthServices-a",3.7492682E+2
"SouthAsia","Extraction-c","hhd",4.8606230E+4
"SouthAsia","Extraction-c","inv",1.2847509E+3
"SouthAsia","ProcFood-c","Agriculture-a",3.4097497E+3
"SouthAsia","ProcFood-c","Extraction-a",5.6862635E+2
"SouthAsia","ProcFood-c","ProcFood-a",2.9245410E+4
"SouthAsia","ProcFood-c","TextWapp-a",6.0169757E+2
"SouthAsia","ProcFood-c","LightMnfc-a",5.4256873E+2
"SouthAsia","ProcFood-c","HeavyMnfc-a",3.0542488E+3
"SouthAsia","ProcFood-c","Util_Cons-a",1.4559813E+2
"SouthAsia","ProcFood-c","TransComm-a",1.3910010E+4
"SouthAsia","ProcFood-c","OthServices-a",6.4121382E+2
"SouthAsia","ProcFood-c","hhd",1.9989294E+5
"SouthAsia","ProcFood-c","gov",8.8065006E+2
"SouthAsia","ProcFood-c","inv",3.2404785E+2
"SouthAsia","TextWapp-c","Agriculture-a",1.2156518E+3
"SouthAsia","TextWapp-c","Extraction-a",1.1013583E+3
"SouthAsia","TextWapp-c","ProcFood-a",5.3159489E+2
"SouthAsia","TextWapp-c","TextWapp-a",5.0924281E+4
"SouthAsia","TextWapp-c","LightMnfc-a",3.1551111E+3
"SouthAsia","TextWapp-c","HeavyMnfc-a",3.1916593E+3
"SouthAsia","TextWapp-c","Util_Cons-a",2.9682769E+3
"SouthAsia","TextWapp-c","TransComm-a",9.1792647E+3
"SouthAsia","TextWapp-c","OthServices-a",3.8011570E+3
"SouthAsia","TextWapp-c","hhd",9.5847387E+4
"SouthAsia","TextWapp-c","gov",3.0488182E+3
"SouthAsia","TextWapp-c","inv",2.1155014E+3
"SouthAsia","LightMnfc-c","Agriculture-a",1.0145177E+3
"SouthAsia","LightMnfc-c","Extraction-a",2.8514525E+3
"SouthAsia","LightMnfc-c","ProcFood-a",4.1483426E+3
"SouthAsia","LightMnfc-c","TextWapp-a",4.0458250E+3
"SouthAsia","LightMnfc-c","LightMnfc-a",7.7593952E+4
"SouthAsia","LightMnfc-c","HeavyMnfc-a",2.5802914E+4
"SouthAsia","LightMnfc-c","Util_Cons-a",4.0188969E+4
"SouthAsia","LightMnfc-c","TransComm-a",3.4448664E+4
"SouthAsia","LightMnfc-c","OthServices-a",1.1662122E+4
"SouthAsia","LightMnfc-c","hhd",5.5783789E+4
"SouthAsia","LightMnfc-c","gov",4.0454329E+3
"SouthAsia","LightMnfc-c","inv",1.1434455E+5
"SouthAsia","HeavyMnfc-c","Agriculture-a",2.6931522E+4
"SouthAsia","HeavyMnfc-c","Extraction-a",1.1305215E+4
"SouthAsia","HeavyMnfc-c","ProcFood-a",6.2338087E+3
"SouthAsia","HeavyMnfc-c","TextWapp-a",1.8864492E+4
"SouthAsia","HeavyMnfc-c","LightMnfc-a",1.0209231E+5
"SouthAsia","HeavyMnfc-c","HeavyMnfc-a",2.9891380E+5
"SouthAsia","HeavyMnfc-c","Util_Cons-a",1.3430571E+5
"SouthAsia","HeavyMnfc-c","TransComm-a",1.2226737E+5
"SouthAsia","HeavyMnfc-c","OthServices-a",2.7709825E+4
"SouthAsia","HeavyMnfc-c","hhd",1.2412526E+5
"SouthAsia","HeavyMnfc-c","gov",6.6048349E+3
"SouthAsia","HeavyMnfc-c","inv",1.6032343E+5
"SouthAsia","Util_Cons-c","Agriculture-a",3.8307436E+4
"SouthAsia","Util_Cons-c","Extraction-a",5.5645014E+3
"SouthAsia","Util_Cons-c","ProcFood-a",6.3682094E+3
"SouthAsia","Util_Cons-c","TextWapp-a",1.2839408E+4
"SouthAsia","Util_Cons-c","LightMnfc-a",1.6951299E+4
"SouthAsia","Util_Cons-c","HeavyMnfc-a",6.4618514E+4
"SouthAsia","Util_Cons-c","Util_Cons-a",9.9641487E+4
"SouthAsia","Util_Cons-c","TransComm-a",3.9117153E+4
"SouthAsia","Util_Cons-c","OthServices-a",2.7927895E+4
"SouthAsia","Util_Cons-c","hhd",7.7706129E+4
"SouthAsia","Util_Cons-c","gov",1.3583359E+4
"SouthAsia","Util_Cons-c","inv",3.8578310E+5
"SouthAsia","TransComm-c","Agriculture-a",4.2803725E+4
"SouthAsia","TransComm-c","Extraction-a",1.3028109E+4
"SouthAsia","TransComm-c","ProcFood-a",4.5115170E+4
"SouthAsia","TransComm-c","TextWapp-a",4.1478609E+4
"SouthAsia","TransComm-c","LightMnfc-a",4.6628383E+4
"SouthAsia","TransComm-c","HeavyMnfc-a",8.1510457E+4
"SouthAsia","TransComm-c","Util_Cons-a",9.5138189E+4
"SouthAsia","TransComm-c","TransComm-a",1.2525445E+5
"SouthAsia","TransComm-c","OthServices-a",3.9849117E+4
"SouthAsia","TransComm-c","hhd",4.3809100E+5
"SouthAsia","TransComm-c","gov",2.5943280E+4
"SouthAsia","TransComm-c","inv",8.0262940E+4
"SouthAsia","OthServices-c","Agriculture-a",4.7788351E+3
"SouthAsia","OthServices-c","Extraction-a",4.5494689E+3
"SouthAsia","OthServices-c","ProcFood-a",8.8009923E+3
"SouthAsia","OthServices-c","TextWapp-a",1.2131563E+4
"SouthAsia","OthServices-c","LightMnfc-a",2.0201913E+4
"SouthAsia","OthServices-c","HeavyMnfc-a",2.8488328E+4
"SouthAsia","OthServices-c","Util_Cons-a",3.5304314E+4
"SouthAsia","OthServices-c","TransComm-a",6.2072668E+4
"SouthAsia","OthServices-c","OthServices-a",4.7407686E+4
"SouthAsia","OthServices-c","hhd",3.3296649E+5
"SouthAsia","OthServices-c","gov",2.2265694E+5
"SouthAsia","OthServices-c","inv",4.2141768E+3
"SouthAsia","Land","Agriculture-a",1.2864953E+5
"SouthAsia","Capital","Agriculture-a",6.2867288E+4
"SouthAsia","Capital","Extraction-a",5.1731493E+4
"SouthAsia","Capital","ProcFood-a",3.0790825E+4
"SouthAsia","Capital","TextWapp-a",3.3086294E+4
"SouthAsia","Capital","LightMnfc-a",3.8997380E+4
"SouthAsia","Capital","HeavyMnfc-a",1.0056212E+5
"SouthAsia","Capital","Util_Cons-a",7.5645018E+4
"SouthAsia","Capital","TransComm-a",3.6836063E+5
"SouthAsia","Capital","OthServices-a",3.2712556E+5
"SouthAsia","unSkLab","Agriculture-a",1.2181564E+5
"SouthAsia","unSkLab","Extraction-a",3.5248539E+4
"SouthAsia","unSkLab","ProcFood-a",1.8891748E+4
"SouthAsia","unSkLab","TextWapp-a",2.6552712E+4
"SouthAsia","unSkLab","LightMnfc-a",3.9540943E+4
"SouthAsia","unSkLab","HeavyMnfc-a",3.9660245E+4
"SouthAsia","unSkLab","Util_Cons-a",1.1966010E+5
"SouthAsia","unSkLab","TransComm-a",1.9415932E+5
"SouthAsia","unSkLab","OthServices-a",5.4393809E+4
"SouthAsia","SkLab","Agriculture-a",3.3647999E+3
"SouthAsia","SkLab","Extraction-a",1.1892597E+3
"SouthAsia","SkLab","ProcFood-a",4.0044110E+3
"SouthAsia","SkLab","TextWapp-a",6.5156821E+3
"SouthAsia","SkLab","LightMnfc-a",7.3437411E+3
"SouthAsia","SkLab","HeavyMnfc-a",7.5980176E+3
"SouthAsia","SkLab","Util_Cons-a",9.9399592E+4
"SouthAsia","SkLab","TransComm-a",8.9462049E+4
"SouthAsia","SkLab","OthServices-a",2.8999803E+5
"SouthAsia","NatRes","Extraction-a",3.0363058E+4
"SouthAsia","itax","Agriculture-a",-1.987679E+4
"SouthAsia","itax","Extraction-a",1.2919425E+3
"SouthAsia","itax","ProcFood-a",-4.084650E+3
"SouthAsia","itax","TextWapp-a",-5.978698E+2
"SouthAsia","itax","LightMnfc-a",6.8878633E+3
"SouthAsia","itax","HeavyMnfc-a",1.3351518E+4
"SouthAsia","itax","Util_Cons-a",1.3671390E+4
"SouthAsia","itax","TransComm-a",1.8381056E+4
"SouthAsia","itax","OthServices-a",2.8965931E+3
"SouthAsia","itax","hhd",4.7527043E+4
"SouthAsia","itax","gov",5.0203378E+3
"SouthAsia","itax","inv",2.9642695E+4
"SouthAsia","mtax","Agriculture-a",2.4510110E+3
"SouthAsia","mtax","Extraction-a",4.1504467E+3
"SouthAsia","mtax","ProcFood-a",7.5188090E+3
"SouthAsia","mtax","TextWapp-a",3.3763633E+3
"SouthAsia","mtax","LightMnfc-a",6.0904059E+3
"SouthAsia","mtax","HeavyMnfc-a",1.9492333E+4
"SouthAsia","mtax","Util_Cons-a",0.274993695
"SouthAsia","vtax","Agriculture-a",2.1431872E+2
"SouthAsia","vtax","Extraction-a",1.2232791E+2
"SouthAsia","vtax","ProcFood-a",1.4690591E+2
"SouthAsia","vtax","TextWapp-a",1.1371406E+2
"SouthAsia","vtax","LightMnfc-a",80.402891627
"SouthAsia","vtax","HeavyMnfc-a",1.1841623E+2
"SouthAsia","vtax","Util_Cons-a",2.3210260E+2
"SouthAsia","vtax","TransComm-a",6.7907371E+2
"SouthAsia","vtax","OthServices-a",1.2200998E+3
"SouthAsia","RoW","Agriculture-a",1.8342226E+4
"SouthAsia","RoW","Extraction-a",2.0591941E+5
"SouthAsia","RoW","ProcFood-a",2.3420102E+4
"SouthAsia","RoW","TextWapp-a",2.3972600E+4
"SouthAsia","RoW","LightMnfc-a",5.4737700E+4
"SouthAsia","RoW","HeavyMnfc-a",2.7760070E+5
"SouthAsia","RoW","Util_Cons-a",2.1139618E+3
"SouthAsia","RoW","TransComm-a",2.3953866E+4
"SouthAsia","RoW","OthServices-a",3.6692727E+4
"NAmerica","GrainsCrops-c","Agriculture-a",4.1545459E+4
"NAmerica","GrainsCrops-c","Extraction-a",2.3305005E+2
"NAmerica","GrainsCrops-c","ProcFood-a",7.3909204E+4
"NAmerica","GrainsCrops-c","TextWapp-a",1.8328259E+3
"NAmerica","GrainsCrops-c","LightMnfc-a",1.7766556E+2
"NAmerica","GrainsCrops-c","HeavyMnfc-a",1.8593004E+3
"NAmerica","GrainsCrops-c","Util_Cons-a",3.1380565E+3
"NAmerica","GrainsCrops-c","TransComm-a",4.2659523E+3
"NAmerica","GrainsCrops-c","OthServices-a",1.2376078E+4
"NAmerica","GrainsCrops-c","hhd",6.5911159E+4
"NAmerica","GrainsCrops-c","gov",0.310399856
"NAmerica","GrainsCrops-c","inv",2.1767383E+2
"NAmerica","MeatLstk-c","Agriculture-a",1.6790215E+5
"NAmerica","MeatLstk-c","Extraction-a",7.6772563E+2
"NAmerica","MeatLstk-c","ProcFood-a",6.2323567E+4
"NAmerica","MeatLstk-c","TextWapp-a",1.9430830E+3
"NAmerica","MeatLstk-c","LightMnfc-a",3.1293467E+3
"NAmerica","MeatLstk-c","HeavyMnfc-a",1.9264117E+3
"NAmerica","MeatLstk-c","Util_Cons-a",87.608040336
"NAmerica","MeatLstk-c","TransComm-a",1.4043660E+4
"NAmerica","MeatLstk-c","OthServices-a",3.6610885E+4
"NAmerica","MeatLstk-c","hhd",2.0973934E+5
"NAmerica","MeatLstk-c","gov",3.1513095E+2
"NAmerica","MeatLstk-c","inv",1.7466382E+3
"NAmerica","Extraction-c","Agriculture-a",1.7859581E+3
"NAmerica","Extraction-c","Extraction-a",3.4592386E+4
"NAmerica","Extraction-c","ProcFood-a",7.1968263E+3
"NAmerica","Extraction-c","TextWapp-a",4.1683032E+2
"NAmerica","Extraction-c","LightMnfc-a",3.6269778E+4
"NAmerica","Extraction-c","HeavyMnfc-a",7.1901125E+5
"NAmerica","Extraction-c","Util_Cons-a",1.1154610E+5
"NAmerica","Extraction-c","TransComm-a",7.9539579E+3
"NAmerica","Extraction-c","OthServices-a",6.9492508E+3
"NAmerica","Extraction-c","hhd",1.2889303E+4
"NAmerica","Extraction-c","inv",1.5597691E+4
"NAmerica","ProcFood-c","Agriculture-a",5.7259443E+4
"NAmerica","ProcFood-c","Extraction-a",9.7666580E+2
"NAmerica","ProcFood-c","ProcFood-a",1.4880853E+5
"NAmerica","ProcFood-c","TextWapp-a",1.3576322E+2
"NAmerica","ProcFood-c","LightMnfc-a",1.8470123E+3
"NAmerica","ProcFood-c","HeavyMnfc-a",5.3227830E+3
"NAmerica","ProcFood-c","Util_Cons-a",3.9680951E+2
"NAmerica","ProcFood-c","TransComm-a",3.5081613E+4
"NAmerica","ProcFood-c","OthServices-a",1.5020832E+5
"NAmerica","ProcFood-c","hhd",6.2286254E+5
"NAmerica","ProcFood-c","gov",2.335432619
"NAmerica","ProcFood-c","inv",2.6182307E+2
"NAmerica","TextWapp-c","Agriculture-a",1.8675431E+3
"NAmerica","TextWapp-c","Extraction-a",7.0598317E+2
"NAmerica","TextWapp-c","ProcFood-a",6.6272549E+2
"NAmerica","TextWapp-c","TextWapp-a",1.0099058E+5
"NAmerica","TextWapp-c","LightMnfc-a",3.6383826E+4
"NAmerica","TextWapp-c","HeavyMnfc-a",9.4037242E+3
"NAmerica","TextWapp-c","Util_Cons-a",6.3701046E+3
"NAmerica","TextWapp-c","TransComm-a",1.4643922E+4
"NAmerica","TextWapp-c","OthServices-a",1.4346824E+4
"NAmerica","TextWapp-c","hhd",2.6745272E+5
"NAmerica","TextWapp-c","gov",69.168932372
"NAmerica","TextWapp-c","inv",5.7919197E+3
"NAmerica","LightMnfc-c","Agriculture-a",1.3414579E+4
"NAmerica","LightMnfc-c","Extraction-a",1.5980843E+4
"NAmerica","LightMnfc-c","ProcFood-a",6.2012253E+4
"NAmerica","LightMnfc-c","TextWapp-a",5.5478610E+3
"NAmerica","LightMnfc-c","LightMnfc-a",7.3584551E+5
"NAmerica","LightMnfc-c","HeavyMnfc-a",1.8256021E+5
"NAmerica","LightMnfc-c","Util_Cons-a",3.2266620E+5
"NAmerica","LightMnfc-c","TransComm-a",2.6319963E+5
"NAmerica","LightMnfc-c","OthServices-a",2.9346708E+5
"NAmerica","LightMnfc-c","hhd",7.1112011E+5
"NAmerica","LightMnfc-c","gov",1.5541878E+2
"NAmerica","LightMnfc-c","inv",6.4628325E+5
"NAmerica","HeavyMnfc-c","Agriculture-a",5.6347424E+4
"NAmerica","HeavyMnfc-c","Extraction-a",6.9949998E+4
"NAmerica","HeavyMnfc-c","ProcFood-a",5.2929038E+4
"NAmerica","HeavyMnfc-c","TextWapp-a",3.8193144E+4
"NAmerica","HeavyMnfc-c","LightMnfc-a",5.2346018E+5
"NAmerica","HeavyMnfc-c","HeavyMnfc-a",1.4641384E+6
"NAmerica","HeavyMnfc-c","Util_Cons-a",4.3355512E+5
"NAmerica","HeavyMnfc-c","TransComm-a",5.1776321E+5
"NAmerica","HeavyMnfc-c","OthServices-a",4.1367868E+5
"NAmerica","HeavyMnfc-c","hhd",8.5675194E+5
"NAmerica","HeavyMnfc-c","gov",4.3165854E+2
"NAmerica","HeavyMnfc-c","inv",8.7422534E+5
"NAmerica","Util_Cons-c","Agriculture-a",2.0124778E+4
"NAmerica","Util_Cons-c","Extraction-a",3.1490827E+4
"NAmerica","Util_Cons-c","ProcFood-a",1.9099150E+4
"NAmerica","Util_Cons-c","TextWapp-a",6.1388580E+3
"NAmerica","Util_Cons-c","LightMnfc-a",5.6266112E+4
"NAmerica","Util_Cons-c","HeavyMnfc-a",1.3009209E+5
"NAmerica","Util_Cons-c","Util_Cons-a",2.2676614E+5
"NAmerica","Util_Cons-c","TransComm-a",2.0471612E+5
"NAmerica","Util_Cons-c","OthServices-a",5.5540748E+5
"NAmerica","Util_Cons-c","hhd",3.8887885E+5
"NAmerica","Util_Cons-c","gov",2.1338483E+4
"NAmerica","Util_Cons-c","inv",1.9502248E+6
"NAmerica","TransComm-c","Agriculture-a",7.1256024E+4
"NAmerica","TransComm-c","Extraction-a",5.3899642E+4
"NAmerica","TransComm-c","ProcFood-a",1.2878135E+5
"NAmerica","TransComm-c","TextWapp-a",3.0381312E+4
"NAmerica","TransComm-c","LightMnfc-a",3.3595355E+5
"NAmerica","TransComm-c","HeavyMnfc-a",5.4088372E+5
"NAmerica","TransComm-c","Util_Cons-a",3.1757948E+5
"NAmerica","TransComm-c","TransComm-a",8.2376754E+5
"NAmerica","TransComm-c","OthServices-a",1.1831361E+6
"NAmerica","TransComm-c","hhd",2.8987407E+6
"NAmerica","TransComm-c","gov",2.7563219E+3
"NAmerica","TransComm-c","inv",4.2088200E+5
"NAmerica","OthServices-c","Agriculture-a",6.9246684E+4
"NAmerica","OthServices-c","Extraction-a",6.9473292E+4
"NAmerica","OthServices-c","ProcFood-a",8.3719734E+4
"NAmerica","OthServices-c","TextWapp-a",2.6211388E+4
"NAmerica","OthServices-c","LightMnfc-a",1.7349033E+5
"NAmerica","OthServices-c","HeavyMnfc-a",3.2257312E+5
"NAmerica","OthServices-c","Util_Cons-a",3.7708281E+5
"NAmerica","OthServices-c","TransComm-a",1.0025546E+6
"NAmerica","OthServices-c","OthServices-a",2.3611805E+6
"NAmerica","OthServices-c","hhd",7.4600064E+6
"NAmerica","OthServices-c","gov",3.0885193E+6
"NAmerica","OthServices-c","inv",1.5848558E+5
"NAmerica","Land","Agriculture-a",5.9391344E+4
"NAmerica","Capital","Agriculture-a",8.7849989E+4
"NAmerica","Capital","Extraction-a",2.1783326E+5
"NAmerica","Capital","ProcFood-a",1.6579782E+5
"NAmerica","Capital","TextWapp-a",2.3637332E+4
"NAmerica","Capital","LightMnfc-a",2.6535584E+5
"NAmerica","Capital","HeavyMnfc-a",4.5493298E+5
"NAmerica","Capital","Util_Cons-a",4.4541307E+5
"NAmerica","Capital","TransComm-a",1.0131715E+6
"NAmerica","Capital","OthServices-a",2.9667243E+6
"NAmerica","unSkLab","Agriculture-a",5.8135353E+4
"NAmerica","unSkLab","Extraction-a",4.2897652E+4
"NAmerica","unSkLab","ProcFood-a",9.3537762E+4
"NAmerica","unSkLab","TextWapp-a",4.5004717E+4
"NAmerica","unSkLab","LightMnfc-a",4.5086812E+5
"NAmerica","unSkLab","HeavyMnfc-a",5.0585133E+5
"NAmerica","unSkLab","Util_Cons-a",8.2582214E+5
"NAmerica","unSkLab","TransComm-a",1.3283033E+6
"NAmerica","unSkLab","OthServices-a",1.4360331E+6
"NAmerica","SkLab","Agriculture-a",6.2237198E+4
"NAmerica","SkLab","Extraction-a",4.3757267E+4
"NAmerica","SkLab","ProcFood-a",5.6729689E+4
"NAmerica","SkLab","TextWapp-a",2.7320485E+4
"NAmerica","SkLab","LightMnfc-a",2.8736003E+5
"NAmerica","SkLab","HeavyMnfc-a",3.1391933E+5
"NAmerica","SkLab","Util_Cons-a",3.1262316E+5
"NAmerica","SkLab","TransComm-a",1.0211551E+6
"NAmerica","SkLab","OthServices-a",4.3781454E+6
"NAmerica","NatRes","Extraction-a",1.5647427E+5
"NAmerica","itax","Agriculture-a",-5.130073E+3
"NAmerica","itax","Extraction-a",2.8153826E+3
"NAmerica","itax","ProcFood-a",3.2882123E+3
"NAmerica","itax","TextWapp-a",1.0828023E+3
"NAmerica","itax","LightMnfc-a",1.1110898E+4
"NAmerica","itax","HeavyMnfc-a",2.6758023E+4
"NAmerica","itax","Util_Cons-a",2.5124147E+4
"NAmerica","itax","TransComm-a",8.1407428E+4
"NAmerica","itax","OthServices-a",7.3968766E+4
"NAmerica","itax","hhd",4.1421844E+5
"NAmerica","itax","gov",0.007454011
"NAmerica","itax","inv",4.1357855E+4
"NAmerica","mtax","Agriculture-a",4.0936884E+2
"NAmerica","mtax","Extraction-a",26.862638400
"NAmerica","mtax","ProcFood-a",2.1303795E+3
"NAmerica","mtax","TextWapp-a",1.3366168E+4
"NAmerica","mtax","LightMnfc-a",1.1762712E+4
"NAmerica","mtax","HeavyMnfc-a",9.7841850E+3
"NAmerica","vtax","Agriculture-a",-3.667326E+3
"NAmerica","vtax","Extraction-a",2.5962087E+4
"NAmerica","vtax","ProcFood-a",2.5759601E+4
"NAmerica","vtax","TextWapp-a",1.0622792E+4
"NAmerica","vtax","LightMnfc-a",1.1085365E+5
"NAmerica","vtax","HeavyMnfc-a",1.2757062E+5
"NAmerica","vtax","Util_Cons-a",1.7397888E+5
"NAmerica","vtax","TransComm-a",3.5960705E+5
"NAmerica","vtax","OthServices-a",9.0570045E+5
"NAmerica","RoW","Agriculture-a",8.4466767E+4
"NAmerica","RoW","Extraction-a",3.2751247E+5
"NAmerica","RoW","ProcFood-a",1.2125377E+5
"NAmerica","RoW","TextWapp-a",1.5422068E+5
"NAmerica","RoW","LightMnfc-a",8.3011910E+5
"NAmerica","RoW","HeavyMnfc-a",1.5862530E+6
"NAmerica","RoW","Util_Cons-a",1.4073328E+4
"NAmerica","RoW","TransComm-a",2.0702501E+5
"NAmerica","RoW","OthServices-a",3.0008651E+5
"LatinAmer","GrainsCrops-c","Agriculture-a",3.8799697E+4
"LatinAmer","GrainsCrops-c","Extraction-a",5.3158451E+2
"LatinAmer","GrainsCrops-c","ProcFood-a",9.5887603E+4
"LatinAmer","GrainsCrops-c","TextWapp-a",2.7326958E+3
"LatinAmer","GrainsCrops-c","LightMnfc-a",4.4311262E+2
"LatinAmer","GrainsCrops-c","HeavyMnfc-a",5.4026354E+3
"LatinAmer","GrainsCrops-c","Util_Cons-a",3.0811214E+2
"LatinAmer","GrainsCrops-c","TransComm-a",5.6236210E+3
"LatinAmer","GrainsCrops-c","OthServices-a",2.6651757E+3
"LatinAmer","GrainsCrops-c","hhd",7.1581140E+4
"LatinAmer","GrainsCrops-c","gov",1.6214954E+2
"LatinAmer","GrainsCrops-c","inv",5.7045489E+3
"LatinAmer","MeatLstk-c","Agriculture-a",9.6553528E+4
"LatinAmer","MeatLstk-c","Extraction-a",2.4060632E+2
"LatinAmer","MeatLstk-c","ProcFood-a",3.0707246E+4
"LatinAmer","MeatLstk-c","TextWapp-a",9.1213763E+2
"LatinAmer","MeatLstk-c","LightMnfc-a",4.5426331E+3
"LatinAmer","MeatLstk-c","HeavyMnfc-a",1.6422775E+3
"LatinAmer","MeatLstk-c","Util_Cons-a",1.6654131E+2
"LatinAmer","MeatLstk-c","TransComm-a",1.1961281E+4
"LatinAmer","MeatLstk-c","OthServices-a",5.5940773E+3
"LatinAmer","MeatLstk-c","hhd",1.2596698E+5
"LatinAmer","MeatLstk-c","gov",2.1742410E+2
"LatinAmer","MeatLstk-c","inv",1.3102125E+4
"LatinAmer","Extraction-c","Agriculture-a",3.2802082E+3
"LatinAmer","Extraction-c","Extraction-a",1.9095750E+4
"LatinAmer","Extraction-c","ProcFood-a",7.5673969E+3
"LatinAmer","Extraction-c","TextWapp-a",1.6066865E+2
"LatinAmer","Extraction-c","LightMnfc-a",1.3407001E+4
"LatinAmer","Extraction-c","HeavyMnfc-a",2.0517686E+5
"LatinAmer","Extraction-c","Util_Cons-a",3.2281283E+4
"LatinAmer","Extraction-c","TransComm-a",3.8915158E+3
"LatinAmer","Extraction-c","OthServices-a",8.0506984E+2
"LatinAmer","Extraction-c","hhd",1.2854770E+4
"LatinAmer","Extraction-c","inv",3.2025828E+3
"LatinAmer","ProcFood-c","Agriculture-a",2.9631568E+4
"LatinAmer","ProcFood-c","Extraction-a",2.4870923E+3
"LatinAmer","ProcFood-c","ProcFood-a",8.6487688E+4
"LatinAmer","ProcFood-c","TextWapp-a",1.9520855E+2
"LatinAmer","ProcFood-c","LightMnfc-a",6.7578136E+2
"LatinAmer","ProcFood-c","HeavyMnfc-a",4.1384461E+3
"LatinAmer","ProcFood-c","Util_Cons-a",5.7239063E+2
"LatinAmer","ProcFood-c","TransComm-a",4.8747612E+4
"LatinAmer","ProcFood-c","OthServices-a",1.4279892E+4
"LatinAmer","ProcFood-c","hhd",2.9447493E+5
"LatinAmer","ProcFood-c","gov",8.3076879E+2
"LatinAmer","ProcFood-c","inv",1.8966665E+3
"LatinAmer","TextWapp-c","Agriculture-a",9.7514121E+2
"LatinAmer","TextWapp-c","Extraction-a",8.1109095E+2
"LatinAmer","TextWapp-c","ProcFood-a",1.4265557E+3
"LatinAmer","TextWapp-c","TextWapp-a",4.9108429E+4
"LatinAmer","TextWapp-c","LightMnfc-a",5.7609991E+3
"LatinAmer","TextWapp-c","HeavyMnfc-a",2.8239667E+3
"LatinAmer","TextWapp-c","Util_Cons-a",9.5038837E+2
"LatinAmer","TextWapp-c","TransComm-a",5.3303256E+3
"LatinAmer","TextWapp-c","OthServices-a",6.5642851E+3
"LatinAmer","TextWapp-c","hhd",9.8671527E+4
"LatinAmer","TextWapp-c","gov",1.4471474E+2
"LatinAmer","TextWapp-c","inv",8.1686420E+2
"LatinAmer","LightMnfc-c","Agriculture-a",8.1815560E+3
"LatinAmer","LightMnfc-c","Extraction-a",1.1874354E+4
"LatinAmer","LightMnfc-c","ProcFood-a",1.5431727E+4
"LatinAmer","LightMnfc-c","TextWapp-a",3.0114140E+3
"LatinAmer","LightMnfc-c","LightMnfc-a",1.2425432E+5
"LatinAmer","LightMnfc-c","HeavyMnfc-a",4.1046483E+4
"LatinAmer","LightMnfc-c","Util_Cons-a",4.3763739E+4
"LatinAmer","LightMnfc-c","TransComm-a",6.1537974E+4
"LatinAmer","LightMnfc-c","OthServices-a",5.4840828E+4
"LatinAmer","LightMnfc-c","hhd",1.7178315E+5
"LatinAmer","LightMnfc-c","gov",2.0461224E+2
"LatinAmer","LightMnfc-c","inv",1.4978649E+5
"LatinAmer","HeavyMnfc-c","Agriculture-a",6.1654485E+4
"LatinAmer","HeavyMnfc-c","Extraction-a",3.3221202E+4
"LatinAmer","HeavyMnfc-c","ProcFood-a",2.8817816E+4
"LatinAmer","HeavyMnfc-c","TextWapp-a",1.0063609E+4
"LatinAmer","HeavyMnfc-c","LightMnfc-a",1.1546120E+5
"LatinAmer","HeavyMnfc-c","HeavyMnfc-a",3.6266606E+5
"LatinAmer","HeavyMnfc-c","Util_Cons-a",1.6652701E+5
"LatinAmer","HeavyMnfc-c","TransComm-a",1.4832131E+5
"LatinAmer","HeavyMnfc-c","OthServices-a",7.0296599E+4
"LatinAmer","HeavyMnfc-c","hhd",2.4378686E+5
"LatinAmer","HeavyMnfc-c","gov",5.4435056E+3
"LatinAmer","HeavyMnfc-c","inv",2.0746965E+5
"LatinAmer","Util_Cons-c","Agriculture-a",7.9136178E+3
"LatinAmer","Util_Cons-c","Extraction-a",1.2129470E+4
"LatinAmer","Util_Cons-c","ProcFood-a",7.9057736E+3
"LatinAmer","Util_Cons-c","TextWapp-a",2.3815531E+3
"LatinAmer","Util_Cons-c","LightMnfc-a",1.2899694E+4
"LatinAmer","Util_Cons-c","HeavyMnfc-a",3.9298985E+4
"LatinAmer","Util_Cons-c","Util_Cons-a",4.5362070E+4
"LatinAmer","Util_Cons-c","TransComm-a",2.9428273E+4
"LatinAmer","Util_Cons-c","OthServices-a",7.4490540E+4
"LatinAmer","Util_Cons-c","hhd",7.8249281E+4
"LatinAmer","Util_Cons-c","gov",1.0157292E+4
"LatinAmer","Util_Cons-c","inv",5.3338555E+5
"LatinAmer","TransComm-c","Agriculture-a",4.6655939E+4
"LatinAmer","TransComm-c","Extraction-a",4.2395820E+4
"LatinAmer","TransComm-c","ProcFood-a",5.9722722E+4
"LatinAmer","TransComm-c","TextWapp-a",1.3845561E+4
"LatinAmer","TransComm-c","LightMnfc-a",5.8740278E+4
"LatinAmer","TransComm-c","HeavyMnfc-a",1.0397049E+5
"LatinAmer","TransComm-c","Util_Cons-a",5.4382557E+4
"LatinAmer","TransComm-c","TransComm-a",2.3565592E+5
"LatinAmer","TransComm-c","OthServices-a",2.0755533E+5
"LatinAmer","TransComm-c","hhd",8.6938183E+5
"LatinAmer","TransComm-c","gov",3.6189645E+3
"LatinAmer","TransComm-c","inv",9.9180634E+4
"LatinAmer","OthServices-c","Agriculture-a",1.8014462E+4
"LatinAmer","OthServices-c","Extraction-a",3.6135463E+4
"LatinAmer","OthServices-c","ProcFood-a",2.8087892E+4
"LatinAmer","OthServices-c","TextWapp-a",8.4892329E+3
"LatinAmer","OthServices-c","LightMnfc-a",2.9736681E+4
"LatinAmer","OthServices-c","HeavyMnfc-a",5.7542398E+4
"LatinAmer","OthServices-c","Util_Cons-a",4.6264296E+4
"LatinAmer","OthServices-c","TransComm-a",1.9491528E+5
"LatinAmer","OthServices-c","OthServices-a",3.2409211E+5
"LatinAmer","OthServices-c","hhd",1.0230804E+6
"LatinAmer","OthServices-c","gov",8.7816131E+5
"LatinAmer","OthServices-c","inv",1.4344232E+4
"LatinAmer","Land","Agriculture-a",5.4337717E+4
"LatinAmer","Capital","Agriculture-a",1.1405536E+5
"LatinAmer","Capital","Extraction-a",1.3252416E+5
"LatinAmer","Capital","ProcFood-a",7.7043295E+4
"LatinAmer","Capital","TextWapp-a",2.0101667E+4
"LatinAmer","Capital","LightMnfc-a",8.9118191E+4
"LatinAmer","Capital","HeavyMnfc-a",1.7604357E+5
"LatinAmer","Capital","Util_Cons-a",2.1144571E+5
"LatinAmer","Capital","TransComm-a",4.2751769E+5
"LatinAmer","Capital","OthServices-a",7.6961899E+5
"LatinAmer","unSkLab","Agriculture-a",7.9709723E+4
"LatinAmer","unSkLab","Extraction-a",1.8686082E+4
"LatinAmer","unSkLab","ProcFood-a",2.8312906E+4
"LatinAmer","unSkLab","TextWapp-a",1.3918952E+4
"LatinAmer","unSkLab","LightMnfc-a",4.0710505E+4
"LatinAmer","unSkLab","HeavyMnfc-a",4.9555748E+4
"LatinAmer","unSkLab","Util_Cons-a",1.4508233E+5
"LatinAmer","unSkLab","TransComm-a",3.1209167E+5
"LatinAmer","unSkLab","OthServices-a",3.3209778E+5
"LatinAmer","SkLab","Agriculture-a",2.1771561E+4
"LatinAmer","SkLab","Extraction-a",1.6268377E+4
"LatinAmer","SkLab","ProcFood-a",3.3283150E+4
"LatinAmer","SkLab","TextWapp-a",1.8013194E+4
"LatinAmer","SkLab","LightMnfc-a",5.5277205E+4
"LatinAmer","SkLab","HeavyMnfc-a",7.2590940E+4
"LatinAmer","SkLab","Util_Cons-a",4.7961837E+4
"LatinAmer","SkLab","TransComm-a",1.6201056E+5
"LatinAmer","SkLab","OthServices-a",5.5030318E+5
"LatinAmer","NatRes","Extraction-a",7.4298825E+4
"LatinAmer","itax","Agriculture-a",6.5417258E+3
"LatinAmer","itax","Extraction-a",8.2432360E+3
"LatinAmer","itax","ProcFood-a",1.2784285E+4
"LatinAmer","itax","TextWapp-a",3.2378246E+3
"LatinAmer","itax","LightMnfc-a",1.8738238E+4
"LatinAmer","itax","HeavyMnfc-a",3.5209978E+4
"LatinAmer","itax","Util_Cons-a",2.0989847E+4
"LatinAmer","itax","TransComm-a",4.9270882E+4
"LatinAmer","itax","OthServices-a",4.8595229E+4
"LatinAmer","itax","hhd",2.3899087E+5
"LatinAmer","itax","gov",3.6200890E+3
"LatinAmer","itax","inv",4.7715999E+4
"LatinAmer","mtax","Agriculture-a",1.5050856E+3
"LatinAmer","mtax","Extraction-a",2.3930832E+2
"LatinAmer","mtax","ProcFood-a",2.8191842E+3
"LatinAmer","mtax","TextWapp-a",3.9527764E+3
"LatinAmer","mtax","LightMnfc-a",1.2464433E+4
"LatinAmer","mtax","HeavyMnfc-a",2.1219033E+4
"LatinAmer","mtax","Util_Cons-a",0.000890480
"LatinAmer","vtax","Agriculture-a",1.2746605E+4
"LatinAmer","vtax","Extraction-a",9.5335384E+3
"LatinAmer","vtax","ProcFood-a",8.9554558E+3
"LatinAmer","vtax","TextWapp-a",5.1251625E+3
"LatinAmer","vtax","LightMnfc-a",1.5629844E+4
"LatinAmer","vtax","HeavyMnfc-a",2.2615235E+4
"LatinAmer","vtax","Util_Cons-a",2.9842724E+4
"LatinAmer","vtax","TransComm-a",7.9778197E+4
"LatinAmer","vtax","OthServices-a",1.4702798E+5
"LatinAmer","RoW","Agriculture-a",2.9040594E+4
"LatinAmer","RoW","Extraction-a",5.9234523E+4
"LatinAmer","RoW","ProcFood-a",4.1974606E+4
"LatinAmer","RoW","TextWapp-a",3.4597709E+4
"LatinAmer","RoW","LightMnfc-a",1.5024705E+5
"LatinAmer","RoW","HeavyMnfc-a",4.2892971E+5
"LatinAmer","RoW","Util_Cons-a",6.2062452E+3
"LatinAmer","RoW","TransComm-a",7.3614564E+4
"LatinAmer","RoW","OthServices-a",8.8487943E+4
"EU_28","GrainsCrops-c","Agriculture-a",2.7708035E+4
"EU_28","GrainsCrops-c","Extraction-a",6.1812001E+2
"EU_28","GrainsCrops-c","ProcFood-a",1.0180844E+5
"EU_28","GrainsCrops-c","TextWapp-a",1.3909694E+3
"EU_28","GrainsCrops-c","LightMnfc-a",6.1373115E+2
"EU_28","GrainsCrops-c","HeavyMnfc-a",3.6057320E+3
"EU_28","GrainsCrops-c","Util_Cons-a",4.5439074E+2
"EU_28","GrainsCrops-c","TransComm-a",1.2158757E+4
"EU_28","GrainsCrops-c","OthServices-a",5.6535517E+3
"EU_28","GrainsCrops-c","hhd",9.4239186E+4
"EU_28","GrainsCrops-c","gov",6.9075955E+2
"EU_28","GrainsCrops-c","inv",3.4346892E+3
"EU_28","MeatLstk-c","Agriculture-a",9.7530657E+4
"EU_28","MeatLstk-c","Extraction-a",3.6952654E+2
"EU_28","MeatLstk-c","ProcFood-a",8.5761095E+4
"EU_28","MeatLstk-c","TextWapp-a",7.8238062E+2
"EU_28","MeatLstk-c","LightMnfc-a",1.3884824E+3
"EU_28","MeatLstk-c","HeavyMnfc-a",3.5532895E+3
"EU_28","MeatLstk-c","Util_Cons-a",2.3689891E+2
"EU_28","MeatLstk-c","TransComm-a",2.7856853E+4
"EU_28","MeatLstk-c","OthServices-a",1.3319128E+4
"EU_28","MeatLstk-c","hhd",2.1406981E+5
"EU_28","MeatLstk-c","gov",5.7104256E+2
"EU_28","MeatLstk-c","inv",2.6363585E+3
"EU_28","Extraction-c","Agriculture-a",4.5495846E+3
"EU_28","Extraction-c","Extraction-a",2.4236804E+4
"EU_28","Extraction-c","ProcFood-a",1.4699012E+4
"EU_28","Extraction-c","TextWapp-a",1.8079312E+3
"EU_28","Extraction-c","LightMnfc-a",3.8524036E+4
"EU_28","Extraction-c","HeavyMnfc-a",5.1798661E+5
"EU_28","Extraction-c","Util_Cons-a",1.0434528E+5
"EU_28","Extraction-c","TransComm-a",2.2759962E+4
"EU_28","Extraction-c","OthServices-a",1.3780188E+4
"EU_28","Extraction-c","hhd",4.7220612E+4
"EU_28","Extraction-c","gov",1.0171049E+3
"EU_28","Extraction-c","inv",3.0796167E+3
"EU_28","ProcFood-c","Agriculture-a",7.6731281E+4
"EU_28","ProcFood-c","Extraction-a",1.0479732E+3
"EU_28","ProcFood-c","ProcFood-a",2.6397757E+5
"EU_28","ProcFood-c","TextWapp-a",1.6218949E+3
"EU_28","ProcFood-c","LightMnfc-a",5.2450297E+3
"EU_28","ProcFood-c","HeavyMnfc-a",2.9695690E+4
"EU_28","ProcFood-c","Util_Cons-a",2.6366786E+3
"EU_28","ProcFood-c","TransComm-a",1.6704893E+5
"EU_28","ProcFood-c","OthServices-a",4.9570038E+4
"EU_28","ProcFood-c","hhd",6.2600916E+5
"EU_28","ProcFood-c","gov",1.0889670E+3
"EU_28","ProcFood-c","inv",1.9584465E+2
"EU_28","TextWapp-c","Agriculture-a",1.1078482E+3
"EU_28","TextWapp-c","Extraction-a",9.1209945E+2
"EU_28","TextWapp-c","ProcFood-a",2.4557040E+3
"EU_28","TextWapp-c","TextWapp-a",9.9308520E+4
"EU_28","TextWapp-c","LightMnfc-a",2.6992135E+4
"EU_28","TextWapp-c","HeavyMnfc-a",2.0917030E+4
"EU_28","TextWapp-c","Util_Cons-a",5.7200408E+3
"EU_28","TextWapp-c","TransComm-a",1.6688773E+4
"EU_28","TextWapp-c","OthServices-a",2.2519023E+4
"EU_28","TextWapp-c","hhd",2.6019088E+5
"EU_28","TextWapp-c","gov",3.3779499E+2
"EU_28","TextWapp-c","inv",2.4702441E+3
"EU_28","LightMnfc-c","Agriculture-a",1.2852764E+4
"EU_28","LightMnfc-c","Extraction-a",9.0356864E+3
"EU_28","LightMnfc-c","ProcFood-a",4.4116744E+4
"EU_28","LightMnfc-c","TextWapp-a",1.5085767E+4
"EU_28","LightMnfc-c","LightMnfc-a",8.6760129E+5
"EU_28","LightMnfc-c","HeavyMnfc-a",2.9906171E+5
"EU_28","LightMnfc-c","Util_Cons-a",1.7385594E+5
"EU_28","LightMnfc-c","TransComm-a",2.6562616E+5
"EU_28","LightMnfc-c","OthServices-a",2.4817103E+5
"EU_28","LightMnfc-c","hhd",5.9306103E+5
"EU_28","LightMnfc-c","gov",1.3029754E+4
"EU_28","LightMnfc-c","inv",4.6503724E+5
"EU_28","HeavyMnfc-c","Agriculture-a",5.0684107E+4
"EU_28","HeavyMnfc-c","Extraction-a",2.7898237E+4
"EU_28","HeavyMnfc-c","ProcFood-a",6.4384907E+4
"EU_28","HeavyMnfc-c","TextWapp-a",3.4189284E+4
"EU_28","HeavyMnfc-c","LightMnfc-a",6.5104636E+5
"EU_28","HeavyMnfc-c","HeavyMnfc-a",1.8625507E+6
"EU_28","HeavyMnfc-c","Util_Cons-a",4.7432431E+5
"EU_28","HeavyMnfc-c","TransComm-a",4.9579387E+5
"EU_28","HeavyMnfc-c","OthServices-a",4.2677659E+5
"EU_28","HeavyMnfc-c","hhd",5.5987098E+5
"EU_28","HeavyMnfc-c","gov",9.6963613E+4
"EU_28","HeavyMnfc-c","inv",5.7829059E+5
"EU_28","Util_Cons-c","Agriculture-a",1.6647449E+4
"EU_28","Util_Cons-c","Extraction-a",1.1905919E+4
"EU_28","Util_Cons-c","ProcFood-a",2.8363508E+4
"EU_28","Util_Cons-c","TextWapp-a",6.4234496E+3
"EU_28","Util_Cons-c","LightMnfc-a",7.2711300E+4
"EU_28","Util_Cons-c","HeavyMnfc-a",1.7720652E+5
"EU_28","Util_Cons-c","Util_Cons-a",5.8726726E+5
"EU_28","Util_Cons-c","TransComm-a",2.3483804E+5
"EU_28","Util_Cons-c","OthServices-a",4.4280512E+5
"EU_28","Util_Cons-c","hhd",2.9160870E+5
"EU_28","Util_Cons-c","gov",3.0592330E+4
"EU_28","Util_Cons-c","inv",1.5128271E+6
"EU_28","TransComm-c","Agriculture-a",6.7842900E+4
"EU_28","TransComm-c","Extraction-a",2.6653443E+4
"EU_28","TransComm-c","ProcFood-a",1.7186152E+5
"EU_28","TransComm-c","TextWapp-a",4.4089809E+4
"EU_28","TransComm-c","LightMnfc-a",3.3256107E+5
"EU_28","TransComm-c","HeavyMnfc-a",5.1117193E+5
"EU_28","TransComm-c","Util_Cons-a",2.6822165E+5
"EU_28","TransComm-c","TransComm-a",1.6451568E+6
"EU_28","TransComm-c","OthServices-a",9.7220842E+5
"EU_28","TransComm-c","hhd",3.4014710E+6
"EU_28","TransComm-c","gov",1.8922442E+5
"EU_28","TransComm-c","inv",5.2987007E+5
"EU_28","OthServices-c","Agriculture-a",4.7787845E+4
"EU_28","OthServices-c","Extraction-a",2.3866994E+4
"EU_28","OthServices-c","ProcFood-a",1.2350468E+5
"EU_28","OthServices-c","TextWapp-a",3.3202685E+4
"EU_28","OthServices-c","LightMnfc-a",2.9858727E+5
"EU_28","OthServices-c","HeavyMnfc-a",4.6173461E+5
"EU_28","OthServices-c","Util_Cons-a",3.8010728E+5
"EU_28","OthServices-c","TransComm-a",1.4195515E+6
"EU_28","OthServices-c","OthServices-a",2.3302344E+6
"EU_28","OthServices-c","hhd",3.5037389E+6
"EU_28","OthServices-c","gov",3.6276093E+6
"EU_28","OthServices-c","inv",3.6726208E+5
"EU_28","Land","Agriculture-a",6.6483065E+4
"EU_28","Capital","Agriculture-a",8.8189542E+4
"EU_28","Capital","Extraction-a",7.3681330E+4
"EU_28","Capital","ProcFood-a",1.5833337E+5
"EU_28","Capital","TextWapp-a",4.0550054E+4
"EU_28","Capital","LightMnfc-a",3.6610245E+5
"EU_28","Capital","HeavyMnfc-a",6.3932367E+5
"EU_28","Capital","Util_Cons-a",6.6808260E+5
"EU_28","Capital","TransComm-a",1.8773302E+6
"EU_28","Capital","OthServices-a",3.7258832E+6
"EU_28","unSkLab","Agriculture-a",8.8342118E+4
"EU_28","unSkLab","Extraction-a",1.3923163E+4
"EU_28","unSkLab","ProcFood-a",5.0432335E+4
"EU_28","unSkLab","TextWapp-a",1.9808510E+4
"EU_28","unSkLab","LightMnfc-a",1.6984811E+5
"EU_28","unSkLab","HeavyMnfc-a",2.3909119E+5
"EU_28","unSkLab","Util_Cons-a",2.8837398E+5
"EU_28","unSkLab","TransComm-a",5.7194833E+5
"EU_28","unSkLab","OthServices-a",7.8487930E+5
"EU_28","SkLab","Agriculture-a",3.6458352E+4
"EU_28","SkLab","Extraction-a",1.0082359E+4
"EU_28","SkLab","ProcFood-a",5.6424808E+4
"EU_28","SkLab","TextWapp-a",2.0247444E+4
"EU_28","SkLab","LightMnfc-a",1.8547530E+5
"EU_28","SkLab","HeavyMnfc-a",2.6201675E+5
"EU_28","SkLab","Util_Cons-a",1.5152337E+5
"EU_28","SkLab","TransComm-a",6.6896218E+5
"EU_28","SkLab","OthServices-a",1.7796043E+6
"EU_28","NatRes","Extraction-a",3.8918598E+4
"EU_28","itax","Agriculture-a",1.7072149E+3
"EU_28","itax","Extraction-a",4.0215692E+3
"EU_28","itax","ProcFood-a",1.1749705E+4
"EU_28","itax","TextWapp-a",3.3906676E+3
"EU_28","itax","LightMnfc-a",2.6136667E+4
"EU_28","itax","HeavyMnfc-a",1.0023397E+5
"EU_28","itax","Util_Cons-a",4.1786851E+4
"EU_28","itax","TransComm-a",2.5709581E+5
"EU_28","itax","OthServices-a",2.7859523E+5
"EU_28","itax","hhd",1.2237732E+6
"EU_28","itax","gov",1.8028880E+4
"EU_28","itax","inv",2.3331297E+5
"EU_28","mtax","Agriculture-a",4.7859162E+3
"EU_28","mtax","Extraction-a",1.7784786E+2
"EU_28","mtax","ProcFood-a",4.9578937E+3
"EU_28","mtax","TextWapp-a",8.6704318E+3
"EU_28","mtax","LightMnfc-a",8.4775274E+3
"EU_28","mtax","HeavyMnfc-a",1.3475680E+4
"EU_28","vtax","Agriculture-a",-2.677661E+4
"EU_28","vtax","Extraction-a",1.5307313E+4
"EU_28","vtax","ProcFood-a",6.0255770E+4
"EU_28","vtax","TextWapp-a",2.1628767E+4
"EU_28","vtax","LightMnfc-a",1.9529368E+5
"EU_28","vtax","HeavyMnfc-a",2.7751163E+5
"EU_28","vtax","Util_Cons-a",2.4415650E+5
"EU_28","vtax","TransComm-a",6.8809493E+5
"EU_28","vtax","OthServices-a",1.4403789E+6
"EU_28","RoW","Agriculture-a",2.2962073E+5
"EU_28","RoW","Extraction-a",5.8892374E+5
"EU_28","RoW","ProcFood-a",3.3581391E+5
"EU_28","RoW","TextWapp-a",2.8856631E+5
"EU_28","RoW","LightMnfc-a",1.2827611E+6
"EU_28","RoW","HeavyMnfc-a",2.7568337E+6
"EU_28","RoW","Util_Cons-a",9.6000455E+4
"EU_28","RoW","TransComm-a",6.4053613E+5
"EU_28","RoW","OthServices-a",8.4115969E+5
"MENA","GrainsCrops-c","Agriculture-a",3.5966029E+4
"MENA","GrainsCrops-c","Extraction-a",1.7689614E+3
"MENA","GrainsCrops-c","ProcFood-a",6.8877807E+4
"MENA","GrainsCrops-c","TextWapp-a",4.5287197E+3
"MENA","GrainsCrops-c","LightMnfc-a",8.2864597E+2
"MENA","GrainsCrops-c","HeavyMnfc-a",6.5415146E+2
"MENA","GrainsCrops-c","Util_Cons-a",5.2545676E+2
"MENA","GrainsCrops-c","TransComm-a",4.2031183E+3
"MENA","GrainsCrops-c","OthServices-a",4.8812249E+3
"MENA","GrainsCrops-c","hhd",1.3235597E+5
"MENA","GrainsCrops-c","gov",1.5068107E+3
"MENA","GrainsCrops-c","inv",7.4386680E+3
"MENA","MeatLstk-c","Agriculture-a",3.2523558E+4
"MENA","MeatLstk-c","Extraction-a",1.8308938E+2
"MENA","MeatLstk-c","ProcFood-a",2.9951057E+4
"MENA","MeatLstk-c","TextWapp-a",2.1697536E+3
"MENA","MeatLstk-c","LightMnfc-a",1.0634359E+3
"MENA","MeatLstk-c","HeavyMnfc-a",4.5025085E+2
"MENA","MeatLstk-c","Util_Cons-a",1.8557112E+2
"MENA","MeatLstk-c","TransComm-a",7.6584118E+3
"MENA","MeatLstk-c","OthServices-a",3.4241386E+3
"MENA","MeatLstk-c","hhd",6.4450272E+4
"MENA","MeatLstk-c","gov",6.5483810E+2
"MENA","MeatLstk-c","inv",5.2732142E+3
"MENA","Extraction-c","Agriculture-a",9.4103693E+2
"MENA","Extraction-c","Extraction-a",7.7650373E+3
"MENA","Extraction-c","ProcFood-a",3.6685873E+3
"MENA","Extraction-c","TextWapp-a",5.8576586E+2
"MENA","Extraction-c","LightMnfc-a",6.6332593E+3
"MENA","Extraction-c","HeavyMnfc-a",3.1966919E+5
"MENA","Extraction-c","Util_Cons-a",9.6764896E+4
"MENA","Extraction-c","TransComm-a",3.3514993E+3
"MENA","Extraction-c","OthServices-a",1.7623637E+3
"MENA","Extraction-c","hhd",1.9058156E+4
"MENA","Extraction-c","gov",5.7715982E+2
"MENA","Extraction-c","inv",2.5223408E+3
"MENA","ProcFood-c","Agriculture-a",1.2596795E+4
"MENA","ProcFood-c","Extraction-a",9.2984172E+2
"MENA","ProcFood-c","ProcFood-a",5.8241125E+4
"MENA","ProcFood-c","TextWapp-a",5.7770704E+2
"MENA","ProcFood-c","LightMnfc-a",6.1935389E+2
"MENA","ProcFood-c","HeavyMnfc-a",1.1725358E+3
"MENA","ProcFood-c","Util_Cons-a",7.0915254E+2
"MENA","ProcFood-c","TransComm-a",3.1063021E+4
"MENA","ProcFood-c","OthServices-a",1.3436164E+4
"MENA","ProcFood-c","hhd",2.5166018E+5
"MENA","ProcFood-c","gov",1.9833882E+3
"MENA","ProcFood-c","inv",8.1487274E+3
"MENA","TextWapp-c","Agriculture-a",1.6506818E+3
"MENA","TextWapp-c","Extraction-a",4.3764045E+2
"MENA","TextWapp-c","ProcFood-a",1.3660460E+3
"MENA","TextWapp-c","TextWapp-a",5.7439130E+4
"MENA","TextWapp-c","LightMnfc-a",3.2046533E+3
"MENA","TextWapp-c","HeavyMnfc-a",3.3335794E+3
"MENA","TextWapp-c","Util_Cons-a",1.8367893E+3
"MENA","TextWapp-c","TransComm-a",6.9086064E+3
"MENA","TextWapp-c","OthServices-a",1.3910651E+4
"MENA","TextWapp-c","hhd",1.0206986E+5
"MENA","TextWapp-c","gov",2.8012648E+3
"MENA","TextWapp-c","inv",1.3304834E+3
"MENA","LightMnfc-c","Agriculture-a",2.1805342E+3
"MENA","LightMnfc-c","Extraction-a",5.0922926E+3
"MENA","LightMnfc-c","ProcFood-a",8.8928332E+3
"MENA","LightMnfc-c","TextWapp-a",5.2453314E+3
"MENA","LightMnfc-c","LightMnfc-a",7.9516370E+4
"MENA","LightMnfc-c","HeavyMnfc-a",2.1585634E+4
"MENA","LightMnfc-c","Util_Cons-a",7.6372609E+4
"MENA","LightMnfc-c","TransComm-a",4.1835867E+4
"MENA","LightMnfc-c","OthServices-a",3.4048313E+4
"MENA","LightMnfc-c","hhd",1.6064185E+5
"MENA","LightMnfc-c","gov",6.9393000E+4
"MENA","LightMnfc-c","inv",9.4387018E+4
"MENA","HeavyMnfc-c","Agriculture-a",1.8895252E+4
"MENA","HeavyMnfc-c","Extraction-a",1.0663334E+5
"MENA","HeavyMnfc-c","ProcFood-a",1.3286192E+4
"MENA","HeavyMnfc-c","TextWapp-a",1.3254782E+4
"MENA","HeavyMnfc-c","LightMnfc-a",8.6636118E+4
"MENA","HeavyMnfc-c","HeavyMnfc-a",2.7119090E+5
"MENA","HeavyMnfc-c","Util_Cons-a",2.8126052E+5
"MENA","HeavyMnfc-c","TransComm-a",1.2443090E+5
"MENA","HeavyMnfc-c","OthServices-a",5.6403513E+4
"MENA","HeavyMnfc-c","hhd",2.5071923E+5
"MENA","HeavyMnfc-c","gov",4.5898659E+4
"MENA","HeavyMnfc-c","inv",1.5652903E+5
"MENA","Util_Cons-c","Agriculture-a",9.8984965E+3
"MENA","Util_Cons-c","Extraction-a",6.8154181E+3
"MENA","Util_Cons-c","ProcFood-a",5.9425015E+3
"MENA","Util_Cons-c","TextWapp-a",4.6977515E+3
"MENA","Util_Cons-c","LightMnfc-a",1.2122572E+4
"MENA","Util_Cons-c","HeavyMnfc-a",4.4881415E+4
"MENA","Util_Cons-c","Util_Cons-a",1.2861637E+5
"MENA","Util_Cons-c","TransComm-a",3.6632672E+4
"MENA","Util_Cons-c","OthServices-a",6.6334210E+4
"MENA","Util_Cons-c","hhd",1.2369103E+5
"MENA","Util_Cons-c","gov",8.3487799E+3
"MENA","Util_Cons-c","inv",6.3474589E+5
"MENA","TransComm-c","Agriculture-a",1.4221120E+4
"MENA","TransComm-c","Extraction-a",4.0333837E+4
"MENA","TransComm-c","ProcFood-a",2.5294589E+4
"MENA","TransComm-c","TextWapp-a",1.2966286E+4
"MENA","TransComm-c","LightMnfc-a",2.7005261E+4
"MENA","TransComm-c","HeavyMnfc-a",4.9377822E+4
"MENA","TransComm-c","Util_Cons-a",5.3799888E+4
"MENA","TransComm-c","TransComm-a",1.6043706E+5
"MENA","TransComm-c","OthServices-a",9.2410968E+4
"MENA","TransComm-c","hhd",5.7470791E+5
"MENA","TransComm-c","gov",2.5706153E+4
"MENA","TransComm-c","inv",1.0149888E+5
"MENA","OthServices-c","Agriculture-a",8.3480164E+3
"MENA","OthServices-c","Extraction-a",1.1345110E+4
"MENA","OthServices-c","ProcFood-a",1.0070449E+4
"MENA","OthServices-c","TextWapp-a",1.1527391E+4
"MENA","OthServices-c","LightMnfc-a",1.7086683E+4
"MENA","OthServices-c","HeavyMnfc-a",4.2043084E+4
"MENA","OthServices-c","Util_Cons-a",4.4782373E+4
"MENA","OthServices-c","TransComm-a",1.1385490E+5
"MENA","OthServices-c","OthServices-a",1.5623802E+5
"MENA","OthServices-c","hhd",5.3118306E+5
"MENA","OthServices-c","gov",6.1911731E+5
"MENA","OthServices-c","inv",2.5708423E+4
"MENA","Land","Agriculture-a",2.0902721E+4
"MENA","Capital","Agriculture-a",6.8761386E+4
"MENA","Capital","Extraction-a",5.4543599E+5
"MENA","Capital","ProcFood-a",6.1921164E+4
"MENA","Capital","TextWapp-a",3.8812365E+4
"MENA","Capital","LightMnfc-a",8.4254208E+4
"MENA","Capital","HeavyMnfc-a",2.7802816E+5
"MENA","Capital","Util_Cons-a",2.2895764E+5
"MENA","Capital","TransComm-a",4.3380517E+5
"MENA","Capital","OthServices-a",5.7826711E+5
"MENA","unSkLab","Agriculture-a",9.2894824E+4
"MENA","unSkLab","Extraction-a",3.9433903E+4
"MENA","unSkLab","ProcFood-a",2.2383368E+4
"MENA","unSkLab","TextWapp-a",1.4619215E+4
"MENA","unSkLab","LightMnfc-a",3.7781614E+4
"MENA","unSkLab","HeavyMnfc-a",6.1079956E+4
"MENA","unSkLab","Util_Cons-a",9.5598486E+4
"MENA","unSkLab","TransComm-a",1.0895895E+5
"MENA","unSkLab","OthServices-a",1.6318665E+5
"MENA","SkLab","Agriculture-a",5.5854302E+3
"MENA","SkLab","Extraction-a",4.6380867E+4
"MENA","SkLab","ProcFood-a",1.0166220E+4
"MENA","SkLab","TextWapp-a",8.2925002E+3
"MENA","SkLab","LightMnfc-a",1.4295830E+4
"MENA","SkLab","HeavyMnfc-a",2.2719999E+4
"MENA","SkLab","Util_Cons-a",3.9071931E+4
"MENA","SkLab","TransComm-a",7.8810612E+4
"MENA","SkLab","OthServices-a",2.7226075E+5
"MENA","NatRes","Extraction-a",2.8912614E+5
"MENA","itax","Agriculture-a",2.5423638E+3
"MENA","itax","Extraction-a",8.7552891E+2
"MENA","itax","ProcFood-a",2.2419391E+3
"MENA","itax","TextWapp-a",1.8807069E+3
"MENA","itax","LightMnfc-a",5.4437644E+3
"MENA","itax","HeavyMnfc-a",1.3035543E+4
"MENA","itax","Util_Cons-a",6.4505664E+3
"MENA","itax","TransComm-a",2.8079793E+4
"MENA","itax","OthServices-a",6.9945256E+3
"MENA","itax","hhd",9.2778513E+4
"MENA","itax","gov",1.1776272E+3
"MENA","itax","inv",2.3396101E+4
"MENA","mtax","Agriculture-a",5.7682229E+3
"MENA","mtax","Extraction-a",6.2109524E+2
"MENA","mtax","ProcFood-a",9.3987555E+3
"MENA","mtax","TextWapp-a",5.0898415E+3
"MENA","mtax","LightMnfc-a",1.6793487E+4
"MENA","mtax","HeavyMnfc-a",2.1612640E+4
"MENA","mtax","Util_Cons-a",4.633114712
"MENA","vtax","Agriculture-a",1.5225640E+4
"MENA","vtax","Extraction-a",3.2616163E+4
"MENA","vtax","ProcFood-a",5.9527755E+3
"MENA","vtax","TextWapp-a",4.6820429E+3
"MENA","vtax","LightMnfc-a",1.1134523E+4
"MENA","vtax","HeavyMnfc-a",1.9602538E+4
"MENA","vtax","Util_Cons-a",2.8608017E+4
"MENA","vtax","TransComm-a",3.7440595E+4
"MENA","vtax","OthServices-a",9.6595616E+4
"MENA","RoW","Agriculture-a",8.0298590E+4
"MENA","RoW","Extraction-a",9.3902272E+4
"MENA","RoW","ProcFood-a",7.3133630E+4
"MENA","RoW","TextWapp-a",5.7398709E+4
"MENA","RoW","LightMnfc-a",2.7915026E+5
"MENA","RoW","HeavyMnfc-a",6.4468615E+5
"MENA","RoW","Util_Cons-a",1.2291205E+4
"MENA","RoW","TransComm-a",8.5845238E+4
"MENA","RoW","OthServices-a",1.0740880E+5
"SSA","GrainsCrops-c","Agriculture-a",2.1430117E+4
"SSA","GrainsCrops-c","Extraction-a",2.1143525E+2
"SSA","GrainsCrops-c","ProcFood-a",2.5698533E+4
"SSA","GrainsCrops-c","TextWapp-a",2.3702125E+3
"SSA","GrainsCrops-c","LightMnfc-a",1.9215734E+3
"SSA","GrainsCrops-c","HeavyMnfc-a",1.0567665E+3
"SSA","GrainsCrops-c","Util_Cons-a",3.1179907E+2
"SSA","GrainsCrops-c","TransComm-a",2.1459925E+3
"SSA","GrainsCrops-c","OthServices-a",1.5198108E+3
"SSA","GrainsCrops-c","hhd",3.0358177E+5
"SSA","GrainsCrops-c","gov",8.572709422
"SSA","GrainsCrops-c","inv",2.6440810E+2
"SSA","MeatLstk-c","Agriculture-a",2.8870429E+4
"SSA","MeatLstk-c","Extraction-a",1.3144104E+2
"SSA","MeatLstk-c","ProcFood-a",4.7500844E+3
"SSA","MeatLstk-c","TextWapp-a",4.0104748E+2
"SSA","MeatLstk-c","LightMnfc-a",8.4122890E+2
"SSA","MeatLstk-c","HeavyMnfc-a",2.2075479E+2
"SSA","MeatLstk-c","Util_Cons-a",2.3658974E+2
"SSA","MeatLstk-c","TransComm-a",2.3524823E+3
"SSA","MeatLstk-c","OthServices-a",2.2202452E+3
"SSA","MeatLstk-c","hhd",9.4274597E+4
"SSA","MeatLstk-c","gov",12.305556740
"SSA","MeatLstk-c","inv",3.2323589E+3
"SSA","Extraction-c","Agriculture-a",1.5292462E+3
"SSA","Extraction-c","Extraction-a",8.4452747E+3
"SSA","Extraction-c","ProcFood-a",8.5571985E+3
"SSA","Extraction-c","TextWapp-a",60.414852809
"SSA","Extraction-c","LightMnfc-a",5.2726293E+3
"SSA","Extraction-c","HeavyMnfc-a",4.2562114E+4
"SSA","Extraction-c","Util_Cons-a",1.7224886E+4
"SSA","Extraction-c","TransComm-a",8.0270328E+2
"SSA","Extraction-c","OthServices-a",1.3821421E+3
"SSA","Extraction-c","hhd",3.2799899E+4
"SSA","Extraction-c","gov",6.871161262
"SSA","Extraction-c","inv",2.0215784E+3
"SSA","ProcFood-c","Agriculture-a",6.8084740E+3
"SSA","ProcFood-c","Extraction-a",4.4864352E+2
"SSA","ProcFood-c","ProcFood-a",2.9020844E+4
"SSA","ProcFood-c","TextWapp-a",3.3677248E+2
"SSA","ProcFood-c","LightMnfc-a",9.4509229E+2
"SSA","ProcFood-c","HeavyMnfc-a",1.6620738E+3
"SSA","ProcFood-c","Util_Cons-a",2.8696383E+2
"SSA","ProcFood-c","TransComm-a",6.3460564E+3
"SSA","ProcFood-c","OthServices-a",1.0348432E+4
"SSA","ProcFood-c","hhd",1.4301161E+5
"SSA","ProcFood-c","gov",37.755340780
"SSA","ProcFood-c","inv",2.1139597E+3
"SSA","TextWapp-c","Agriculture-a",2.1048468E+3
"SSA","TextWapp-c","Extraction-a",1.1642491E+3
"SSA","TextWapp-c","ProcFood-a",4.3709316E+2
"SSA","TextWapp-c","TextWapp-a",8.3020527E+3
"SSA","TextWapp-c","LightMnfc-a",2.0039369E+3
"SSA","TextWapp-c","HeavyMnfc-a",5.4351029E+2
"SSA","TextWapp-c","Util_Cons-a",5.4473689E+2
"SSA","TextWapp-c","TransComm-a",3.0501359E+3
"SSA","TextWapp-c","OthServices-a",4.0580806E+3
"SSA","TextWapp-c","hhd",4.6959649E+4
"SSA","TextWapp-c","gov",9.916324801
"SSA","TextWapp-c","inv",4.6124101E+2
"SSA","LightMnfc-c","Agriculture-a",4.2746343E+3
"SSA","LightMnfc-c","Extraction-a",9.6080884E+3
"SSA","LightMnfc-c","ProcFood-a",5.6218015E+3
"SSA","LightMnfc-c","TextWapp-a",1.7381217E+3
"SSA","LightMnfc-c","LightMnfc-a",3.5605114E+4
"SSA","LightMnfc-c","HeavyMnfc-a",1.0465477E+4
"SSA","LightMnfc-c","Util_Cons-a",2.0268354E+4
"SSA","LightMnfc-c","TransComm-a",2.1678860E+4
"SSA","LightMnfc-c","OthServices-a",2.4952387E+4
"SSA","LightMnfc-c","hhd",5.9614761E+4
"SSA","LightMnfc-c","gov",88.802757262
"SSA","LightMnfc-c","inv",5.3171514E+4
"SSA","HeavyMnfc-c","Agriculture-a",1.6412081E+4
"SSA","HeavyMnfc-c","Extraction-a",1.8557919E+4
"SSA","HeavyMnfc-c","ProcFood-a",5.8589033E+3
"SSA","HeavyMnfc-c","TextWapp-a",2.5232007E+3
"SSA","HeavyMnfc-c","LightMnfc-a",2.7427906E+4
"SSA","HeavyMnfc-c","HeavyMnfc-a",6.6956429E+4
"SSA","HeavyMnfc-c","Util_Cons-a",4.7838610E+4
"SSA","HeavyMnfc-c","TransComm-a",4.8697908E+4
"SSA","HeavyMnfc-c","OthServices-a",2.5361676E+4
"SSA","HeavyMnfc-c","hhd",8.2349037E+4
"SSA","HeavyMnfc-c","gov",3.0954033E+2
"SSA","HeavyMnfc-c","inv",7.3250128E+4
"SSA","Util_Cons-c","Agriculture-a",1.9002193E+3
"SSA","Util_Cons-c","Extraction-a",5.9466728E+3
"SSA","Util_Cons-c","ProcFood-a",1.4664475E+3
"SSA","Util_Cons-c","TextWapp-a",4.1910079E+2
"SSA","Util_Cons-c","LightMnfc-a",2.7782875E+3
"SSA","Util_Cons-c","HeavyMnfc-a",1.3408406E+4
"SSA","Util_Cons-c","Util_Cons-a",2.6422709E+4
"SSA","Util_Cons-c","TransComm-a",6.9198507E+3
"SSA","Util_Cons-c","OthServices-a",1.7414384E+4
"SSA","Util_Cons-c","hhd",2.3546482E+4
"SSA","Util_Cons-c","gov",2.9969354E+3
"SSA","Util_Cons-c","inv",1.7893714E+5
"SSA","TransComm-c","Agriculture-a",4.5118605E+4
"SSA","TransComm-c","Extraction-a",2.9244807E+4
"SSA","TransComm-c","ProcFood-a",3.2702835E+4
"SSA","TransComm-c","TextWapp-a",1.2274458E+4
"SSA","TransComm-c","LightMnfc-a",3.7949237E+4
"SSA","TransComm-c","HeavyMnfc-a",6.3590208E+4
"SSA","TransComm-c","Util_Cons-a",1.6118800E+4
"SSA","TransComm-c","TransComm-a",6.9670573E+4
"SSA","TransComm-c","OthServices-a",6.2723180E+4
"SSA","TransComm-c","hhd",1.3176587E+5
"SSA","TransComm-c","gov",1.7372633E+3
"SSA","TransComm-c","inv",3.2108585E+4
"SSA","OthServices-c","Agriculture-a",3.8390179E+3
"SSA","OthServices-c","Extraction-a",1.8406043E+4
"SSA","OthServices-c","ProcFood-a",8.0012109E+3
"SSA","OthServices-c","TextWapp-a",2.8579071E+3
"SSA","OthServices-c","LightMnfc-a",5.1781379E+3
"SSA","OthServices-c","HeavyMnfc-a",1.5820320E+4
"SSA","OthServices-c","Util_Cons-a",1.8751747E+4
"SSA","OthServices-c","TransComm-a",5.4908788E+4
"SSA","OthServices-c","OthServices-a",8.2219704E+4
"SSA","OthServices-c","hhd",2.1477477E+5
"SSA","OthServices-c","gov",2.2612660E+5
"SSA","OthServices-c","inv",5.6489989E+3
"SSA","Land","Agriculture-a",4.0516746E+4
"SSA","Capital","Agriculture-a",6.8363956E+4
"SSA","Capital","Extraction-a",1.2194986E+5
"SSA","Capital","ProcFood-a",3.3843437E+4
"SSA","Capital","TextWapp-a",5.9876226E+3
"SSA","Capital","LightMnfc-a",2.8249469E+4
"SSA","Capital","HeavyMnfc-a",4.9111317E+4
"SSA","Capital","Util_Cons-a",7.6668521E+4
"SSA","Capital","TransComm-a",1.2219443E+5
"SSA","Capital","OthServices-a",1.4446799E+5
"SSA","unSkLab","Agriculture-a",2.2318088E+5
"SSA","unSkLab","Extraction-a",2.6321402E+4
"SSA","unSkLab","ProcFood-a",1.3247751E+4
"SSA","unSkLab","TextWapp-a",4.3378122E+3
"SSA","unSkLab","LightMnfc-a",1.0604348E+4
"SSA","unSkLab","HeavyMnfc-a",1.3771420E+4
"SSA","unSkLab","Util_Cons-a",2.6626497E+4
"SSA","unSkLab","TransComm-a",8.5453624E+4
"SSA","unSkLab","OthServices-a",6.5810452E+4
"SSA","SkLab","Agriculture-a",2.4196497E+4
"SSA","SkLab","Extraction-a",7.9173589E+3
"SSA","SkLab","ProcFood-a",9.5061567E+3
"SSA","SkLab","TextWapp-a",3.8838515E+3
"SSA","SkLab","LightMnfc-a",1.0244693E+4
"SSA","SkLab","HeavyMnfc-a",1.1594430E+4
"SSA","SkLab","Util_Cons-a",1.5460342E+4
"SSA","SkLab","TransComm-a",8.7186266E+4
"SSA","SkLab","OthServices-a",1.5718534E+5
"SSA","NatRes","Extraction-a",6.5685729E+4
"SSA","itax","Agriculture-a",1.8944052E+3
"SSA","itax","Extraction-a",1.9039527E+3
"SSA","itax","ProcFood-a",2.6329797E+3
"SSA","itax","TextWapp-a",6.9907076E+2
"SSA","itax","LightMnfc-a",1.9873358E+3
"SSA","itax","HeavyMnfc-a",3.7239405E+3
"SSA","itax","Util_Cons-a",4.4973171E+3
"SSA","itax","TransComm-a",8.0708604E+3
"SSA","itax","OthServices-a",5.7399244E+3
"SSA","itax","hhd",4.7619991E+4
"SSA","itax","gov",1.4634528E+3
"SSA","itax","inv",1.2019427E+4
"SSA","mtax","Agriculture-a",2.3523662E+3
"SSA","mtax","Extraction-a",1.4753898E+2
"SSA","mtax","ProcFood-a",4.3310496E+3
"SSA","mtax","TextWapp-a",4.6235818E+3
"SSA","mtax","LightMnfc-a",1.0700040E+4
"SSA","mtax","HeavyMnfc-a",1.2834123E+4
"SSA","mtax","Util_Cons-a",22.379913546
"SSA","vtax","Agriculture-a",1.1201909E+4
"SSA","vtax","Extraction-a",6.1001846E+3
"SSA","vtax","ProcFood-a",1.2225530E+3
"SSA","vtax","TextWapp-a",4.1949128E+2
"SSA","vtax","LightMnfc-a",1.4241141E+3
"SSA","vtax","HeavyMnfc-a",1.9873149E+3
"SSA","vtax","Util_Cons-a",2.8675437E+3
"SSA","vtax","TransComm-a",8.5901254E+3
"SSA","vtax","OthServices-a",1.1327375E+4
"SSA","RoW","Agriculture-a",2.3016668E+4
"SSA","RoW","Extraction-a",2.8867558E+4
"SSA","RoW","ProcFood-a",3.4521152E+4
"SSA","RoW","TextWapp-a",2.3346189E+4
"SSA","RoW","LightMnfc-a",9.0468035E+4
"SSA","RoW","HeavyMnfc-a",2.0456965E+5
"SSA","RoW","Util_Cons-a",1.0686754E+4
"SSA","RoW","TransComm-a",2.8807019E+4
"SSA","RoW","OthServices-a",5.2623840E+4
"RestofWorld","GrainsCrops-c","Agriculture-a",2.8983327E+4
"RestofWorld","GrainsCrops-c","Extraction-a",2.0838040E+2
"RestofWorld","GrainsCrops-c","ProcFood-a",3.0249880E+4
"RestofWorld","GrainsCrops-c","TextWapp-a",5.7573451E+2
"RestofWorld","GrainsCrops-c","LightMnfc-a",7.6965287E+2
"RestofWorld","GrainsCrops-c","HeavyMnfc-a",9.8617234E+2
"RestofWorld","GrainsCrops-c","Util_Cons-a",3.2661762E+2
"RestofWorld","GrainsCrops-c","TransComm-a",3.7088646E+3
"RestofWorld","GrainsCrops-c","OthServices-a",3.3229898E+3
"RestofWorld","GrainsCrops-c","hhd",4.8263688E+4
"RestofWorld","GrainsCrops-c","gov",5.7372534E+2
"RestofWorld","GrainsCrops-c","inv",4.3483260E+3
"RestofWorld","MeatLstk-c","Agriculture-a",7.2712712E+4
"RestofWorld","MeatLstk-c","Extraction-a",2.9336234E+2
"RestofWorld","MeatLstk-c","ProcFood-a",1.3165415E+4
"RestofWorld","MeatLstk-c","TextWapp-a",1.0233287E+3
"RestofWorld","MeatLstk-c","LightMnfc-a",7.3701097E+2
"RestofWorld","MeatLstk-c","HeavyMnfc-a",1.2451768E+3
"RestofWorld","MeatLstk-c","Util_Cons-a",1.7490573E+2
"RestofWorld","MeatLstk-c","TransComm-a",6.4217503E+3
"RestofWorld","MeatLstk-c","OthServices-a",6.4894235E+3
"RestofWorld","MeatLstk-c","hhd",1.1490031E+5
"RestofWorld","MeatLstk-c","gov",1.2797070E+3
"RestofWorld","MeatLstk-c","inv",3.9062618E+3
"RestofWorld","Extraction-c","Agriculture-a",1.4543214E+3
"RestofWorld","Extraction-c","Extraction-a",2.2524457E+4
"RestofWorld","Extraction-c","ProcFood-a",7.0408930E+3
"RestofWorld","Extraction-c","TextWapp-a",1.2347806E+2
"RestofWorld","Extraction-c","LightMnfc-a",1.2657644E+4
"RestofWorld","Extraction-c","HeavyMnfc-a",2.8077287E+5
"RestofWorld","Extraction-c","Util_Cons-a",8.1010602E+4
"RestofWorld","Extraction-c","TransComm-a",1.1870032E+4
"RestofWorld","Extraction-c","OthServices-a",5.2387695E+3
"RestofWorld","Extraction-c","hhd",1.0782099E+4
"RestofWorld","Extraction-c","gov",3.7514327E+2
"RestofWorld","Extraction-c","inv",7.8850624E+2
"RestofWorld","ProcFood-c","Agriculture-a",1.1929459E+4
"RestofWorld","ProcFood-c","Extraction-a",3.1068444E+3
"RestofWorld","ProcFood-c","ProcFood-a",6.7054891E+4
"RestofWorld","ProcFood-c","TextWapp-a",1.0518078E+2
"RestofWorld","ProcFood-c","LightMnfc-a",1.2598432E+3
"RestofWorld","ProcFood-c","HeavyMnfc-a",2.5671830E+3
"RestofWorld","ProcFood-c","Util_Cons-a",4.9028365E+2
"RestofWorld","ProcFood-c","TransComm-a",1.6312058E+4
"RestofWorld","ProcFood-c","OthServices-a",1.8189842E+4
"RestofWorld","ProcFood-c","hhd",1.7812371E+5
"RestofWorld","ProcFood-c","gov",1.6470523E+2
"RestofWorld","ProcFood-c","inv",2.0162342E+2
"RestofWorld","TextWapp-c","Agriculture-a",4.4729811E+2
"RestofWorld","TextWapp-c","Extraction-a",7.6016369E+2
"RestofWorld","TextWapp-c","ProcFood-a",6.5673250E+2
"RestofWorld","TextWapp-c","TextWapp-a",1.3722490E+4
"RestofWorld","TextWapp-c","LightMnfc-a",3.3137969E+3
"RestofWorld","TextWapp-c","HeavyMnfc-a",2.3821253E+3
"RestofWorld","TextWapp-c","Util_Cons-a",1.1307654E+3
"RestofWorld","TextWapp-c","TransComm-a",3.3195209E+3
"RestofWorld","TextWapp-c","OthServices-a",5.6366495E+3
"RestofWorld","TextWapp-c","hhd",5.5630499E+4
"RestofWorld","TextWapp-c","gov",4.8846610E+2
"RestofWorld","TextWapp-c","inv",9.9242836E+2
"RestofWorld","LightMnfc-c","Agriculture-a",5.7959613E+3
"RestofWorld","LightMnfc-c","Extraction-a",1.3194181E+4
"RestofWorld","LightMnfc-c","ProcFood-a",1.0361216E+4
"RestofWorld","LightMnfc-c","TextWapp-a",1.3919268E+3
"RestofWorld","LightMnfc-c","LightMnfc-a",6.8489909E+4
"RestofWorld","LightMnfc-c","HeavyMnfc-a",3.2976594E+4
"RestofWorld","LightMnfc-c","Util_Cons-a",4.3923891E+4
"RestofWorld","LightMnfc-c","TransComm-a",5.8615680E+4
"RestofWorld","LightMnfc-c","OthServices-a",3.7385692E+4
"RestofWorld","LightMnfc-c","hhd",1.1637020E+5
"RestofWorld","LightMnfc-c","gov",1.0588938E+3
"RestofWorld","LightMnfc-c","inv",1.0059620E+5
"RestofWorld","HeavyMnfc-c","Agriculture-a",2.0093324E+4
"RestofWorld","HeavyMnfc-c","Extraction-a",4.1280116E+4
"RestofWorld","HeavyMnfc-c","ProcFood-a",1.3370089E+4
"RestofWorld","HeavyMnfc-c","TextWapp-a",2.3991350E+3
"RestofWorld","HeavyMnfc-c","LightMnfc-a",6.7931735E+4
"RestofWorld","HeavyMnfc-c","HeavyMnfc-a",3.9219294E+5
"RestofWorld","HeavyMnfc-c","Util_Cons-a",1.6417469E+5
"RestofWorld","HeavyMnfc-c","TransComm-a",1.3662471E+5
"RestofWorld","HeavyMnfc-c","OthServices-a",7.8439463E+4
"RestofWorld","HeavyMnfc-c","hhd",1.4346896E+5
"RestofWorld","HeavyMnfc-c","gov",1.8608954E+3
"RestofWorld","HeavyMnfc-c","inv",1.7699927E+5
"RestofWorld","Util_Cons-c","Agriculture-a",1.0214725E+4
"RestofWorld","Util_Cons-c","Extraction-a",2.7262606E+4
"RestofWorld","Util_Cons-c","ProcFood-a",1.0938755E+4
"RestofWorld","Util_Cons-c","TextWapp-a",1.3269154E+3
"RestofWorld","Util_Cons-c","LightMnfc-a",1.6200671E+4
"RestofWorld","Util_Cons-c","HeavyMnfc-a",8.0168865E+4
"RestofWorld","Util_Cons-c","Util_Cons-a",9.4331778E+4
"RestofWorld","Util_Cons-c","TransComm-a",5.1226023E+4
"RestofWorld","Util_Cons-c","OthServices-a",8.5926246E+4
"RestofWorld","Util_Cons-c","hhd",1.3399145E+5
"RestofWorld","Util_Cons-c","gov",7.2583432E+3
"RestofWorld","Util_Cons-c","inv",4.6479416E+5
"RestofWorld","TransComm-c","Agriculture-a",2.9305908E+4
"RestofWorld","TransComm-c","Extraction-a",1.1743754E+5
"RestofWorld","TransComm-c","ProcFood-a",3.5355568E+4
"RestofWorld","TransComm-c","TextWapp-a",3.8088916E+3
"RestofWorld","TransComm-c","LightMnfc-a",3.5175864E+4
"RestofWorld","TransComm-c","HeavyMnfc-a",9.3225223E+4
"RestofWorld","TransComm-c","Util_Cons-a",1.1352992E+5
"RestofWorld","TransComm-c","TransComm-a",2.7305499E+5
"RestofWorld","TransComm-c","OthServices-a",1.3352466E+5
"RestofWorld","TransComm-c","hhd",6.9370306E+5
"RestofWorld","TransComm-c","gov",1.9922198E+4
"RestofWorld","TransComm-c","inv",8.5533269E+4
"RestofWorld","OthServices-c","Agriculture-a",8.0967560E+3
"RestofWorld","OthServices-c","Extraction-a",4.2558782E+4
"RestofWorld","OthServices-c","ProcFood-a",1.3368288E+4
"RestofWorld","OthServices-c","TextWapp-a",1.5358908E+3
"RestofWorld","OthServices-c","LightMnfc-a",2.0275512E+4
"RestofWorld","OthServices-c","HeavyMnfc-a",5.0350557E+4
"RestofWorld","OthServices-c","Util_Cons-a",4.5686770E+4
"RestofWorld","OthServices-c","TransComm-a",1.4653641E+5
"RestofWorld","OthServices-c","OthServices-a",2.6602725E+5
"RestofWorld","OthServices-c","hhd",5.4386457E+5
"RestofWorld","OthServices-c","gov",6.6856190E+5
"RestofWorld","OthServices-c","inv",6.7307729E+4
"RestofWorld","Land","Agriculture-a",3.4409287E+4
"RestofWorld","Capital","Agriculture-a",3.6959075E+4
"RestofWorld","Capital","Extraction-a",2.1764454E+5
"RestofWorld","Capital","ProcFood-a",4.8090273E+4
"RestofWorld","Capital","TextWapp-a",4.2943787E+3
"RestofWorld","Capital","LightMnfc-a",3.1189199E+4
"RestofWorld","Capital","HeavyMnfc-a",1.1389065E+5
"RestofWorld","Capital","Util_Cons-a",2.0140985E+5
"RestofWorld","Capital","TransComm-a",5.9342526E+5
"RestofWorld","Capital","OthServices-a",4.6796665E+5
"RestofWorld","unSkLab","Agriculture-a",5.7501373E+4
"RestofWorld","unSkLab","Extraction-a",2.9594231E+4
"RestofWorld","unSkLab","ProcFood-a",1.7518751E+4
"RestofWorld","unSkLab","TextWapp-a",3.2670429E+3
"RestofWorld","unSkLab","LightMnfc-a",3.5201139E+4
"RestofWorld","unSkLab","HeavyMnfc-a",7.0524447E+4
"RestofWorld","unSkLab","Util_Cons-a",9.6624306E+4
"RestofWorld","unSkLab","TransComm-a",1.5717199E+5
"RestofWorld","unSkLab","OthServices-a",1.2960059E+5
"RestofWorld","SkLab","Agriculture-a",5.0239555E+3
"RestofWorld","SkLab","Extraction-a",1.9248777E+4
"RestofWorld","SkLab","ProcFood-a",1.0008563E+4
"RestofWorld","SkLab","TextWapp-a",1.8201338E+3
"RestofWorld","SkLab","LightMnfc-a",2.4512559E+4
"RestofWorld","SkLab","HeavyMnfc-a",4.8330749E+4
"RestofWorld","SkLab","Util_Cons-a",4.8334935E+4
"RestofWorld","SkLab","TransComm-a",1.0491096E+5
"RestofWorld","SkLab","OthServices-a",4.3204179E+5
"RestofWorld","NatRes","Extraction-a",1.5624834E+5
"RestofWorld","itax","Agriculture-a",4.8952291E+3
"RestofWorld","itax","Extraction-a",4.4368430E+3
"RestofWorld","itax","ProcFood-a",3.5744430E+3
"RestofWorld","itax","TextWapp-a",8.7700149E+2
"RestofWorld","itax","LightMnfc-a",3.3907020E+3
"RestofWorld","itax","HeavyMnfc-a",3.0505030E+4
"RestofWorld","itax","Util_Cons-a",3.6727367E+4
"RestofWorld","itax","TransComm-a",3.8563008E+4
"RestofWorld","itax","OthServices-a",3.9772356E+4
"RestofWorld","itax","hhd",1.7553198E+5
"RestofWorld","itax","gov",3.5863131E+3
"RestofWorld","itax","inv",4.0239017E+4
"RestofWorld","mtax","Agriculture-a",3.1642713E+3
"RestofWorld","mtax","Extraction-a",1.3755756E+2
"RestofWorld","mtax","ProcFood-a",4.4175773E+3
"RestofWorld","mtax","TextWapp-a",4.2284013E+3
"RestofWorld","mtax","LightMnfc-a",1.3361777E+4
"RestofWorld","mtax","HeavyMnfc-a",9.8424934E+3
"RestofWorld","mtax","Util_Cons-a",2.171543682
"RestofWorld","vtax","Agriculture-a",3.3431555E+3
"RestofWorld","vtax","Extraction-a",1.5479393E+4
"RestofWorld","vtax","ProcFood-a",6.9849416E+3
"RestofWorld","vtax","TextWapp-a",1.3357986E+3
"RestofWorld","vtax","LightMnfc-a",1.4586720E+4
"RestofWorld","vtax","HeavyMnfc-a",2.6414076E+4
"RestofWorld","vtax","Util_Cons-a",3.6411666E+4
"RestofWorld","vtax","TransComm-a",6.2206469E+4
"RestofWorld","vtax","OthServices-a",1.3261153E+5
"RestofWorld","RoW","Agriculture-a",3.7226923E+4
"RestofWorld","RoW","Extraction-a",5.7359166E+4
"RestofWorld","RoW","ProcFood-a",5.2189322E+4
"RestofWorld","RoW","TextWapp-a",5.6624860E+4
"RestofWorld","RoW","LightMnfc-a",2.2505792E+5
"RestofWorld","RoW","HeavyMnfc-a",5.2339178E+5
"RestofWorld","RoW","Util_Cons-a",3.7273860E+4
"RestofWorld","RoW","TransComm-a",9.8638470E+4
"RestofWorld","RoW","OthServices-a",1.4071944E+5
